매장명,매장코드,개점일,매출기간,거리m,상호,주소,위도,경도,등급,판정,메모
진주혁신도시본점,20260626435,2026-06-26,2026-06 ~ 2026-08,41,버블PC 혁신도시점,경남 진주시 충의로 20-9,35.175786,128.147639,-,,
진주혁신도시본점,20260626435,2026-06-26,2026-06 ~ 2026-08,58,OXPC 진주혁신도시점,경남 진주시 충의로 22,35.176408,128.147486,-,,
진주혁신도시본점,20260626435,2026-06-26,2026-06 ~ 2026-08,84,더토랑 진주본점,경남 진주시 충의로 20-37,35.176144,128.148100,-,,
시흥능곡점,20230324392,2023-04-28,2023-05 ~ 2026-08,1570,슈프림PC CAFE,경기 시흥시 황고개로 486,37.374155,126.790167,A,폐업,
시흥능곡점,20230324392,2023-04-28,2023-05 ~ 2026-08,58,링크PC방,경기 시흥시 능곡번영길 25,37.369580,126.807237,-,,
시흥능곡점,20230324392,2023-04-28,2023-05 ~ 2026-08,187,골드PC,경기 시흥시 승지로59번길 8,37.369364,126.809056,-,,
시흥능곡점,20230324392,2023-04-28,2023-05 ~ 2026-08,351,욜로PC방 시흥능곡점,경기 시흥시 장현능곡로 188,37.369313,126.810997,-,,
시흥능곡점,20230324392,2023-04-28,2023-05 ~ 2026-08,435,제로백PC 시흥능곡역점,경기 시흥시 능곡로 178,37.368132,126.811400,-,,
양주덕정점,20231019404,2023-10-19,2023-11 ~ 2026-08,1065,놀자PC,경기 양주시 고원2길 145,37.831572,127.074427,A,폐업,
양주덕정점,20231019404,2023-10-19,2023-11 ~ 2026-08,87,피씨나인,경기 양주시 회정로 114,37.837264,127.065935,-,,
양주덕정점,20231019404,2023-10-19,2023-11 ~ 2026-08,245,썬게임장,경기 양주시 독바위로 30-1,37.838375,127.062444,-,,
양주덕정점,20231019404,2023-10-19,2023-11 ~ 2026-08,265,양주시 VR체험관,경기 양주시 화합로1426번길 90,37.838135,127.068049,-,,
검단사거리점,20260529432,,2026-06 ~ 2026-07,1404,제로백PC 인천마전역점,인천 검단구 완정로 43,37.595915,126.669294,A,영업,
검단사거리점,20260529432,,2026-06 ~ 2026-07,1673,아이센스리그PC방 인천마전점,인천 검단구 완정로 18,37.595086,126.672199,A,영업,
검단사거리점,20260529432,,2026-06 ~ 2026-07,1707,딜라잇PC,인천 검단구 완정로 14,37.594835,126.672475,A,영업,
검단사거리점,20260529432,,2026-06 ~ 2026-07,71,블레스PC,인천 검단구 검단로 465,37.601733,126.656038,-,,
검단사거리점,20260529432,,2026-06 ~ 2026-07,71,VVIP PC,인천 검단구 검단로 465,37.601725,126.656035,-,,
검단사거리점,20260529432,,2026-06 ~ 2026-07,78,본PC존,인천 검단구 검단로459번길 3-1,37.601632,126.654984,-,,
검단사거리점,20260529432,,2026-06 ~ 2026-07,83,스마일월드,인천 검단구 검단로 457,37.601471,126.655326,-,,
검단사거리점,20260529432,,2026-06 ~ 2026-07,137,geekstar pc cafe 검단점,인천 검단구 검단로 470,37.601507,126.656783,-,,
검단사거리점,20260529432,,2026-06 ~ 2026-07,191,배틀존 PC,인천 검단구 검단로 480,37.601801,126.657612,-,,
검단사거리점,20260529432,,2026-06 ~ 2026-07,191,24시바둑이PC,인천 검단구 검단로 480,37.601794,126.657611,-,,
검단사거리점,20260529432,,2026-06 ~ 2026-07,294,피에스스타PC방 인천검단사거리점,인천 검단구 완정로117번길 42,37.601343,126.658655,-,,
검단사거리점,20260529432,,2026-06 ~ 2026-07,336,팡팡PC,인천 검단구 완정로 154,37.601606,126.659244,-,,
검단사거리점,20260529432,,2026-06 ~ 2026-07,384,맥심PC,인천 검단구 완정로 148,37.601465,126.659761,-,,
구미산동점,20230901400,2023-09-01,2023-09 ~ 2026-08,1824,더즐PC,경북 구미시 산동읍 산호대로39길 16,36.139796,128.437688,A,영업,
구미산동점,20230901400,2023-09-01,2023-09 ~ 2026-08,1901,이게pc방 4공단점,경북 구미시 산동읍 산호대로41길 10,36.139521,128.439538,A,영업,
구미산동점,20230901400,2023-09-01,2023-09 ~ 2026-08,1912,헤카PC방,경북 구미시 흥안로 35,36.147207,128.414254,A,영업,
구미산동점,20230901400,2023-09-01,2023-09 ~ 2026-08,152,nupc방,경북 구미시 산동읍 신당1로 24,36.154368,128.432531,-,,
구미산동점,20230901400,2023-09-01,2023-09 ~ 2026-08,152,nuPC 구미산동점,경북 구미시 산동읍 신당1로 24,36.154366,128.432529,-,,
구미산동점,20230901400,2023-09-01,2023-09 ~ 2026-08,155,엔유(NU)PC방,경북 구미시 산동읍 신당1로 24,36.154368,128.432312,-,,
구미산동점,20230901400,2023-09-01,2023-09 ~ 2026-08,268,룸앤룸PC,경북 구미시 산동읍 신당1로4길 5-4,36.154873,128.429930,-,,
오송점,N016,,,1725,PC태그 오송점,충북 청주시 흥덕구 오송읍 오송생명8로 175,36.618945,127.318108,A,영업,
오송점,N016,,,1726,프리미엄피시태그,충북 청주시 흥덕구 오송읍 오송생명8로 175,36.618937,127.318108,A,폐업,
오송점,N016,,,1814,맥PC카페 오송점,충북 청주시 흥덕구 오송읍 오송생명11로 46,36.618758,127.316563,A,영업,
오송점,N016,,,342,크라우드PC 청주오송점,충북 청주시 흥덕구 오송읍 오송생명5로 183-3,36.630349,127.330212,-,,
오송점,N016,,,342,팀플PC,충북 청주시 흥덕구 오송읍 오송생명5로 183-3,36.630348,127.330212,-,,
오송점,N016,,,483,오락왕,충북 청주시 흥덕구 오송읍 오송생명로 210,36.630138,127.332012,-,,
인천서창점,20260605433,2026-06-05,2026-06 ~ 2026-08,1431,스타덤 PC 인천서창점,인천 남동구 장아산로 134-4,37.439109,126.749138,A,영업,
인천서창점,20260605433,2026-06-05,2026-06 ~ 2026-08,1980,아트PC방,인천 남동구 장승남로 82,37.443138,126.740862,A,영업,
인천서창점,20260605433,2026-06-05,2026-06 ~ 2026-08,1995,티앤피씨 카페(T앤PC cafe),인천 남동구 논고개로 309,37.417969,126.728033,A,영업,
인천서창점,20260605433,2026-06-05,2026-06 ~ 2026-08,103,버프PC,인천 남동구 서창남순환로215번길 20,37.425306,126.748009,-,,
인천서창점,20260605433,2026-06-05,2026-06 ~ 2026-08,438,욜로PC방 인천서창점,인천 남동구 서창남로 35,37.422845,126.750601,-,,
인천서창점,20260605433,2026-06-05,2026-06 ~ 2026-08,471,듀오PC방 인천서창점,인천 남동구 서창방산로 51,37.422344,126.750201,-,,
화명대로점,20230928403,2023-09-28,2023-10 ~ 2026-08,844,해피PC 화명점,부산 북구 양달로 4,35.241556,129.014579,A,영업,
화명대로점,20230928403,2023-09-28,2023-10 ~ 2026-08,1196,넥스트PC카페,부산 북구 학사로 13,35.224007,129.007968,A,영업,
화명대로점,20230928403,2023-09-28,2023-10 ~ 2026-08,1205,블루밍PC카페,부산 북구 학사로 5,35.223789,129.008430,A,영업,
화명대로점,20230928403,2023-09-28,2023-10 ~ 2026-08,90,더샵PC방,부산 북구 금곡대로 287,35.234183,129.013306,-,,
화명대로점,20230928403,2023-09-28,2023-10 ~ 2026-08,115,우주PC카페,부산 북구 화명신도시로 120,35.234591,129.011153,-,,
화명대로점,20230928403,2023-09-28,2023-10 ~ 2026-08,142,어쌔신PC 화명점,부산 북구 금곡대로303번길 25,35.235437,129.012040,-,,
화명대로점,20230928403,2023-09-28,2023-10 ~ 2026-08,155,민트플레이 화명점,부산 북구 화명대로 27,35.235262,129.011254,-,,
화명대로점,20230928403,2023-09-28,2023-10 ~ 2026-08,173,아테네PC,부산 북구 화명신도시로 117,35.234743,129.010549,-,,
화명대로점,20230928403,2023-09-28,2023-10 ~ 2026-08,175,크라우드PC 부산화명점,부산 북구 금곡대로303번길 22,35.235733,129.012648,-,,
화명대로점,20230928403,2023-09-28,2023-10 ~ 2026-08,204,앤유피시방 화명점,부산 북구 화명신도시로 127,35.235357,129.010598,-,,
화명대로점,20230928403,2023-09-28,2023-10 ~ 2026-08,205,샹떼PC방,부산 북구 금곡대로285번길 62,35.234406,129.010076,-,,
화명대로점,20230928403,2023-09-28,2023-10 ~ 2026-08,219,해피로PC방 화명점,부산 북구 화명신도시로 129,35.235590,129.010641,-,,
화명대로점,20230928403,2023-09-28,2023-10 ~ 2026-08,247,OXPC 화명본점,부산 북구 금곡대로303번길 61,35.235648,129.010285,-,,
문산점,20260703437,2026-07-03,2026-07 ~ 2026-08,750,모든PC카페,경기 파주시 문산읍 방촌로 1695-21,37.864551,126.781814,A,영업,
문산점,20260703437,2026-07-03,2026-07 ~ 2026-08,1016,레벨업PC방 문산점,경기 파주시 문산읍 당동2로 11-2,37.867477,126.784198,A,영업,
문산점,20260703437,2026-07-03,2026-07 ~ 2026-08,1919,딱조아pc방,경기 파주시 문산읍 사임당로 122,37.865401,126.805148,A,모름,
문산점,20260703437,2026-07-03,2026-07 ~ 2026-08,1950,이지PC,경기 파주시 문산읍 돈유안길 135,37.861510,126.807028,A,영업,
문산점,20260703437,2026-07-03,2026-07 ~ 2026-08,46,포텐PC방,경기 파주시 문산읍 문향로 72-1,37.858229,126.785733,-,,
문산점,20260703437,2026-07-03,2026-07 ~ 2026-08,68,탑플레이스PC 파주문산점,경기 파주시 문산읍 문향로67번길 1,37.857837,126.784818,-,,
증평점,20250124422,2025-01-24,2025-01 ~ 2025-09,552,마블PC,충북 증평군 증평읍 증평로 17,36.787524,127.587878,A,영업,
증평점,20250124422,2025-01-24,2025-01 ~ 2025-09,603,맥스피드PC 증평점,충북 증평군 증평읍 증평로 27,36.786822,127.588954,A,영업,
증평점,20250124422,2025-01-24,2025-01 ~ 2025-09,978,팀플PC,충북 증평군 증평읍 초중9길 36,36.780465,127.573144,A,영업,
증평점,20250124422,2025-01-24,2025-01 ~ 2025-09,1009,크라우드PC 증평점,충북 증평군 증평읍 초중로 86,36.780742,127.572568,A,모름,
증평점,20250124422,2025-01-24,2025-01 ~ 2025-09,101,고트PC,충북 증평군 증평읍 중앙로 207-3,36.784543,127.581571,-,,
증평점,20250124422,2025-01-24,2025-01 ~ 2025-09,398,더샾pc방 증평점,충북 증평군 증평읍 중앙로 179,36.782548,127.579242,-,,
문경시청점,20240530413,2024-05-30,2024-06 ~ 2026-08,1465,크라우드PC 문경점촌점,경북 문경시 중앙6길 16,36.595935,128.201082,A,영업,
문경시청점,20240530413,2024-05-30,2024-06 ~ 2026-08,1482,팡팡피씨방,경북 문경시 신흥로 161-11,36.595668,128.201685,A,폐업,
문경시청점,20240530413,2024-05-30,2024-06 ~ 2026-08,1515,몽키2PC방,경북 문경시 호서로 30,36.597332,128.199901,A,영업,
문경시청점,20240530413,2024-05-30,2024-06 ~ 2026-08,1549,스위티 피시방,경북 문경시 호서로 33,36.597827,128.199703,A,영업,
문경시청점,20240530413,2024-05-30,2024-06 ~ 2026-08,1560,라이또 PC방 문경본점,경북 문경시 중앙로 140,36.597169,128.200962,A,폐업,
문경시청점,20240530413,2024-05-30,2024-06 ~ 2026-08,373,콤마PC 문경본점,경북 문경시 당교로 209,36.585418,128.185755,-,,
문경시청점,20240530413,2024-05-30,2024-06 ~ 2026-08,439,쨈나PC,경북 문경시 중앙로 26,36.588591,128.193837,-,,
김포구래점,20240705417,2024-07-05,2024-08 ~ 2026-08,1034,유니인터넷PC,경기 김포시 양촌읍 양곡1로 27,37.653002,126.623931,A,폐업,
김포구래점,20240705417,2024-07-05,2024-08 ~ 2026-08,1298,스타PC 김포양곡점,경기 김포시 양촌읍 양곡로 495,37.655168,126.628131,A,영업,
김포구래점,20240705417,2024-07-05,2024-08 ~ 2026-08,1452,대박PC,경기 김포시 양촌읍 양곡로 494-21,37.656594,126.628108,A,폐업,
김포구래점,20240705417,2024-07-05,2024-08 ~ 2026-08,1651,어썸PC카페,경기 김포시 양촌읍 양곡2로80번길 70,37.657809,126.631140,A,영업,
김포구래점,20240705417,2024-07-05,2024-08 ~ 2026-08,1777,버블팝 김포마산점,경기 김포시 김포한강8로 163,37.637024,126.643390,A,폐업,
김포구래점,20240705417,2024-07-05,2024-08 ~ 2026-08,1787,제닉스아레나PC 김포마산점,경기 김포시 김포한강8로 163,37.636934,126.643455,A,영업,
김포구래점,20240705417,2024-07-05,2024-08 ~ 2026-08,45,까사PC클럽,경기 김포시 김포한강9로 79,37.644069,126.625382,-,,
김포구래점,20240705417,2024-07-05,2024-08 ~ 2026-08,95,옵티멈존PC카페 구래역점,경기 김포시 김포한강9로 80,37.644123,126.626053,-,,
김포구래점,20240705417,2024-07-05,2024-08 ~ 2026-08,100,넥스피시,경기 김포시 김포한강9로75번길 24,37.643411,126.624024,-,,
김포구래점,20240705417,2024-07-05,2024-08 ~ 2026-08,138,토이톡 김포구래,경기 김포시 김포한강9로 90,37.644647,126.626148,-,,
김포구래점,20240705417,2024-07-05,2024-08 ~ 2026-08,147,레드포스PC아레나,경기 김포시 김포한강9로75번길 38,37.643607,126.623432,-,,
김포구래점,20240705417,2024-07-05,2024-08 ~ 2026-08,164,브리즈PC카페 김포점,경기 김포시 김포한강9로 95,37.645145,126.625615,-,,
김포구래점,20240705417,2024-07-05,2024-08 ~ 2026-08,168,아이존팝 김포구래점,경기 김포시 김포한강9로 95,37.645168,126.625686,-,,
김포구래점,20240705417,2024-07-05,2024-08 ~ 2026-08,238,엠투피씨,경기 김포시 김포한강9로76번길 63,37.645382,126.626813,-,,
야당점,20251107426,2025-11-07,2025-12 ~ 2026-08,1427,레벨업PC방 운정점,경기 파주시 경의로1240번길 30,37.727677,126.762633,A,영업,
야당점,20251107426,2025-11-07,2025-12 ~ 2026-08,1428,엔조이 운정점,경기 파주시 미래로 375,37.711404,126.745852,A,폐업,
야당점,20251107426,2025-11-07,2025-12 ~ 2026-08,1547,시네마4PC방,경기 파주시 미래로 369-58,37.711768,126.744349,A,영업,
야당점,20251107426,2025-11-07,2025-12 ~ 2026-08,1562,세븐스타PC방 파주운정점,경기 파주시 미래로 369-72,37.711076,126.744392,A,영업,
야당점,20251107426,2025-11-07,2025-12 ~ 2026-08,1729,욜로PC방 일산덕이점,경기 고양시 일산서구 하이파크2로 65,37.699819,126.756290,A,영업,
야당점,20251107426,2025-11-07,2025-12 ~ 2026-08,1864,더브이PC방 탄현점,경기 고양시 일산서구 일현로 127,37.698303,126.765120,A,폐업,
야당점,20251107426,2025-11-07,2025-12 ~ 2026-08,120,어썸PC,경기 파주시 경의로 1090,37.714357,126.760246,-,,
야당점,20251107426,2025-11-07,2025-12 ~ 2026-08,127,오토피씨 OTO PC,경기 파주시 경의로 1100,37.715337,126.760144,-,,
야당점,20251107426,2025-11-07,2025-12 ~ 2026-08,268,레드포스PC아레나 파주야당점,경기 파주시 경의로 1070,37.712871,126.759707,-,,
탕정역점,20240607414,2024-06-07,2024-07 ~ 2026-08,796,유에프오(UFO),충남 아산시 탕정면 매곡한들1길 20-5,36.781782,127.091076,A,폐업,
탕정역점,20240607414,2024-06-07,2024-07 ~ 2026-08,796,플레이pc방,충남 아산시 배방읍 새아산로 20-8,36.783298,127.092733,A,영업,
탕정역점,20240607414,2024-06-07,2024-07 ~ 2026-08,814,놀러와PC,충남 아산시 배방읍 새아산로 20-10,36.783452,127.093092,A,영업,
탕정역점,20240607414,2024-06-07,2024-07 ~ 2026-08,850,제로백PC방 장재점,충남 아산시 배방읍 용연로 156-11,36.782858,127.093088,A,폐업,
탕정역점,20240607414,2024-06-07,2024-07 ~ 2026-08,1126,탑스타PC방 아산선문대점,충남 아산시 탕정면 매곡로71번길 36-3,36.797097,127.082404,A,영업,
탕정역점,20240607414,2024-06-07,2024-07 ~ 2026-08,1339,태림코리아 선문컴퓨터게임장,충남 아산시 탕정면 선문로221번길 70,36.797421,127.077242,A,폐업,
탕정역점,20240607414,2024-06-07,2024-07 ~ 2026-08,73,레벨업PC방 탕정역점,충남 아산시 탕정면 한들물빛5로 11,36.786917,127.084510,-,,
탕정역점,20240607414,2024-06-07,2024-07 ~ 2026-08,90,레드포스PC아레나 아산탕정점,충남 아산시 탕정면 한들물빛6로 26,36.787848,127.085887,-,,
남악점,20250314423,2025-03-14,2025-03 ~ 2026-08,779,OXPC 무안남악점,전남광주통합특별시 무안군 삼향읍 대죽동로16번길 21,34.811210,126.464909,A,영업,
남악점,20250314423,2025-03-14,2025-03 ~ 2026-08,962,크라우드PC 전남남악점,전남광주통합특별시 무안군 삼향읍 남악3로82번가길 34,34.813488,126.463709,A,영업,
남악점,20250314423,2025-03-14,2025-03 ~ 2026-08,1085,인형뽑기왕오락실,전남광주통합특별시 무안군 삼향읍 남악3로82번길 15,34.813140,126.462089,A,폐업,
남악점,20250314423,2025-03-14,2025-03 ~ 2026-08,1085,욜로PC방 무안남악점,전남광주통합특별시 무안군 삼향읍 남악3로82번길 15,34.813153,126.462095,A,영업,
남악점,20250314423,2025-03-14,2025-03 ~ 2026-08,1101,레드포스PC아레나 목포남악점,전남광주통합특별시 무안군 삼향읍 남악3로82번길 14,34.812686,126.461729,A,영업,
남악점,20250314423,2025-03-14,2025-03 ~ 2026-08,1122,어썸pc방 남악점,전남광주통합특별시 무안군 삼향읍 대죽서로15번길 30,34.811777,126.461222,A,영업,
남악점,20250314423,2025-03-14,2025-03 ~ 2026-08,1124,OXPC 전남도청점,전남광주통합특별시 무안군 삼향읍 대죽서로15번길 32,34.812080,126.461269,A,영업,
송도점,20260515431,2026-05-15,2026-05 ~ 2026-08,1219,몰PC,인천 연수구 인천타워대로132번길 30,37.385990,126.643560,A,영업,
송도점,20260515431,2026-05-15,2026-05 ~ 2026-08,1267,잇츠피시 송도점,인천 연수구 테크노파크로111번길 12,37.385407,126.643671,A,영업,
송도점,20260515431,2026-05-15,2026-05 ~ 2026-08,1351,레벨업PC방 인천대입구역점,인천 연수구 하모니로138번길 11,37.384959,126.642802,A,영업,
송도점,20260515431,2026-05-15,2026-05 ~ 2026-08,1394,알고리즘PC카페,인천 연수구 인천타워대로132번길 9,37.385358,126.641348,A,영업,
송도점,20260515431,2026-05-15,2026-05 ~ 2026-08,1404,대장오락실,인천 연수구 하모니로138번길 11,37.384606,126.642390,A,폐업,
송도점,20260515431,2026-05-15,2026-05 ~ 2026-08,1461,잇츠PC,인천 연수구 하모니로 158,37.384092,126.642195,A,폐업,
송도점,20260515431,2026-05-15,2026-05 ~ 2026-08,1479,이츠아일랜드,인천 연수구 송도과학로27번길 55,37.386940,126.664805,A,폐업,
송도점,20260515431,2026-05-15,2026-05 ~ 2026-08,53,텐지PC방,인천 연수구 신송로125번길 13,37.394563,126.651184,-,,
송도점,20260515431,2026-05-15,2026-05 ~ 2026-08,68,레드포스 PC아레나 송도점,인천 연수구 신송로 121,37.395456,126.651966,-,,
송도점,20260515431,2026-05-15,2026-05 ~ 2026-08,114,쇼미더VR 송도점,인천 연수구 컨벤시아대로 81,37.394928,126.650188,-,,
송도점,20260515431,2026-05-15,2026-05 ~ 2026-08,352,갤러리PC카페 송도점,인천 연수구 해돋이로 112,37.391987,126.650134,-,,
송도점,20260515431,2026-05-15,2026-05 ~ 2026-08,377,레인보우캐슬 송도2호점,인천 연수구 신송로 161,37.397595,126.648748,-,,
장산점,20260320430,2026-03-20,2026-03 ~ 2026-08,564,피씨넷플레이스,부산 해운대구 대천로 92-22,35.173451,129.173351,A,영업,
장산점,20260320430,2026-03-20,2026-03 ~ 2026-08,792,메타PC 해운대중동점,부산 해운대구 좌동순환로 506,35.166171,129.168731,A,영업,
장산점,20260320430,2026-03-20,2026-03 ~ 2026-08,1426,PC베네,부산 해운대구 중동1로 33-1,35.162511,129.163235,A,영업,
장산점,20260320430,2026-03-20,2026-03 ~ 2026-08,1474,레드포스PC아레나 해운대점,부산 해운대구 중동1로 30,35.162606,129.162556,A,영업,
장산점,20260320430,2026-03-20,2026-03 ~ 2026-08,1488,아수라발발타 해운대점,부산 해운대구 구남로29번길 38,35.162627,129.162358,A,폐업,
장산점,20260320430,2026-03-20,2026-03 ~ 2026-08,1657,T1베이스캠프 부산점,부산 해운대구 구남로 37,35.161052,129.161362,A,영업,
장산점,20260320430,2026-03-20,2026-03 ~ 2026-08,1657,OXPC 해운대해수욕장점,부산 해운대구 구남로 29,35.161507,129.161003,A,영업,
장산점,20260320430,2026-03-20,2026-03 ~ 2026-08,105,OXPC 장산역점,부산 해운대구 해운대로 814,35.169833,129.177426,-,,
장산점,20260320430,2026-03-20,2026-03 ~ 2026-08,105,아이센스리그PC방 장산역점,부산 해운대구 양운로42번길 18,35.168495,129.177488,-,,
장산점,20260320430,2026-03-20,2026-03 ~ 2026-08,108,젠PC방,부산 해운대구 세실로27번길 23,35.168846,129.177779,-,,
장산점,20260320430,2026-03-20,2026-03 ~ 2026-08,143,아테나PC방 장산본점,부산 해운대구 세실로27번길 19,35.168512,129.178018,-,,
장산점,20260320430,2026-03-20,2026-03 ~ 2026-08,154,아테나PC 장산2호점,부산 해운대구 양운로42번길 14,35.168106,129.177774,-,,
장산점,20260320430,2026-03-20,2026-03 ~ 2026-08,197,엠피씨존,부산 해운대구 세실로 48,35.169720,129.178684,-,,
장산점,20260320430,2026-03-20,2026-03 ~ 2026-08,209,컴온PC방,부산 해운대구 세실로27번길 11,35.167948,129.178418,-,,
장산점,20260320430,2026-03-20,2026-03 ~ 2026-08,223,케이스타피씨 카페 해운대좌동점,부산 해운대구 대천로 205,35.170378,129.178575,-,,
장산점,20260320430,2026-03-20,2026-03 ~ 2026-08,286,존버pc 장산점,부산 해운대구 양운로80번길 20,35.171527,129.175433,-,,
장산점,20260320430,2026-03-20,2026-03 ~ 2026-08,301,로엘PC 장산본점,부산 해운대구 세실로69번길 24,35.171848,129.176303,-,,
장산점,20260320430,2026-03-20,2026-03 ~ 2026-08,345,옵티멈존PC카페 장산역점,부산 해운대구 세실로 87,35.172211,129.176048,-,,
장산점,20260320430,2026-03-20,2026-03 ~ 2026-08,414,메타PC 해운대직영점,부산 해운대구 좌동로 89,35.172510,129.174684,-,,
장산점,20260320430,2026-03-20,2026-03 ~ 2026-08,423,로엘더블랙,부산 해운대구 좌동로 95,35.172819,129.175393,-,,
평내호평점,20260626436,2026-06-26,2026-06 ~ 2026-08,719,스타웹스pc방,경기 남양주시 늘을3로 65-12,37.660234,127.247880,A,영업,
평내호평점,20260626436,2026-06-26,2026-06 ~ 2026-08,721,유에프오 UFO게임 호평점,경기 남양주시 늘을3로 65-12,37.660248,127.247890,A,폐업,
평내호평점,20260626436,2026-06-26,2026-06 ~ 2026-08,1212,열정PC테크,경기 남양주시 평내로29번길 49,37.645860,127.235658,A,영업,
평내호평점,20260626436,2026-06-26,2026-06 ~ 2026-08,1281,겜덕 GAMEDUCK,경기 남양주시 경춘로1256번길 10,37.645670,127.234719,A,폐업,
평내호평점,20260626436,2026-06-26,2026-06 ~ 2026-08,1288,퍼닛PC,경기 남양주시 평내로29번길 41,37.645416,127.234988,A,영업,
평내호평점,20260626436,2026-06-26,2026-06 ~ 2026-08,1335,캐비넷PC 평내점,경기 남양주시 평내로29번안길 34,37.645060,127.234686,A,영업,
평내호평점,20260626436,2026-06-26,2026-06 ~ 2026-08,1363,수피아pc방,경기 남양주시 의안로 129-24,37.643364,127.237549,A,폐업,
평내호평점,20260626436,2026-06-26,2026-06 ~ 2026-08,54,펀&조이게임랜드 호평점,경기 남양주시 호평로46번길 14,37.654853,127.244515,-,,
평내호평점,20260626436,2026-06-26,2026-06 ~ 2026-08,66,퍼닛PC 호평점,경기 남양주시 늘을2로 26,37.655089,127.244107,-,,
평내호평점,20260626436,2026-06-26,2026-06 ~ 2026-08,135,PC토랑,경기 남양주시 늘을2로 32,37.655702,127.243951,-,,
평내호평점,20260626436,2026-06-26,2026-06 ~ 2026-08,412,봉PC방 호평점,경기 남양주시 호평로45번길 24,37.657839,127.246116,-,,
시흥배곧점,20240507410,2024-05-07,2024-06 ~ 2026-08,605,상떼PC방 정왕4동점,경기 시흥시 정왕신길로49번길 63,37.362870,126.730398,A,영업,
시흥배곧점,20240507410,2024-05-07,2024-06 ~ 2026-08,1135,데일리 PC Cafe 시흥배곧점,경기 시흥시 배곧4로 32-28,37.378163,126.725985,A,영업,
시흥배곧점,20240507410,2024-05-07,2024-06 ~ 2026-08,1236,에스투존피시방,경기 시흥시 옥구천동로 401,37.357086,126.729812,A,영업,
시흥배곧점,20240507410,2024-05-07,2024-06 ~ 2026-08,1655,듀오(DUO)PC방,경기 시흥시 옥구상가3길 25,37.354167,126.722610,A,영업,
시흥배곧점,20240507410,2024-05-07,2024-06 ~ 2026-08,1686,이에프씨 피씨 카페EFC PC CAFE,경기 시흥시 옥구상가1길 9,37.353892,126.722551,A,영업,
시흥배곧점,20240507410,2024-05-07,2024-06 ~ 2026-08,1707,와우팡팡,경기 시흥시 옥구상가2길 9,37.353342,126.723955,A,폐업,
시흥배곧점,20240507410,2024-05-07,2024-06 ~ 2026-08,1789,비타민PC방,경기 시흥시 옥구상가1길 23,37.353171,126.721619,A,영업,
시흥배곧점,20240507410,2024-05-07,2024-06 ~ 2026-08,1957,본피씨방,경기 시흥시 역전로 304,37.352467,126.738923,A,영업,
시흥배곧점,20240507410,2024-05-07,2024-06 ~ 2026-08,84,레벨업PC방 배곧점,경기 시흥시 서울대학로278번길 26,37.368665,126.728173,-,,
시흥배곧점,20240507410,2024-05-07,2024-06 ~ 2026-08,124,펀앤펀,경기 시흥시 서울대학로278번길 26,37.368893,126.727828,-,,
시흥배곧점,20240507410,2024-05-07,2024-06 ~ 2026-08,161,스토리PC랩 배곧점,경기 시흥시 서울대학로278번길 21,37.369460,126.728006,-,,
시흥배곧점,20240507410,2024-05-07,2024-06 ~ 2026-08,171,더엑스PC 배곧신도시점,경기 시흥시 서울대학로278번길 19-8,37.369686,126.728386,-,,
시흥배곧점,20240507410,2024-05-07,2024-06 ~ 2026-08,176,주식회사시내7,경기 시흥시 서울대학로278번길 25-18,37.369774,126.729237,-,,
시흥배곧점,20240507410,2024-05-07,2024-06 ~ 2026-08,176,아레나PC캠프,경기 시흥시 서울대학로278번길 25-18,37.369788,126.729145,-,,
시흥배곧점,20240507410,2024-05-07,2024-06 ~ 2026-08,177,네옥스PC방,경기 시흥시 서울대학로278번길 25-18,37.369784,126.729231,-,,
시흥배곧점,20240507410,2024-05-07,2024-06 ~ 2026-08,197,아지트오락실,경기 시흥시 배곧3로 96,37.369827,126.729845,-,,
시흥배곧점,20240507410,2024-05-07,2024-06 ~ 2026-08,207,피에스타pc 시흥배곧점,경기 시흥시 서울대학로264번길 26-32,37.366605,126.727723,-,,
야탑점,20260706438,2026-07-06,2026-07 ~ 2026-08,733,피씨온,경기 성남시 분당구 벌말로 37,37.411335,127.138038,A,영업,
야탑점,20260706438,2026-07-06,2026-07 ~ 2026-08,734,더엑스PC방 분당야탑점,경기 성남시 분당구 벌말로 41,37.411626,127.138105,A,폐업,
야탑점,20260706438,2026-07-06,2026-07 ~ 2026-08,991,PC카페블랑,경기 성남시 분당구 판교로 437,37.405839,127.122528,A,영업,
야탑점,20260706438,2026-07-06,2026-07 ~ 2026-08,1031,레드포스PC아레나 이매점,경기 성남시 분당구 판교로 442,37.405150,127.122884,A,영업,
야탑점,20260706438,2026-07-06,2026-07 ~ 2026-08,1068,독스PC 이매점,경기 성남시 분당구 판교로 436,37.405160,127.122200,A,영업,
야탑점,20260706438,2026-07-06,2026-07 ~ 2026-08,1068,조이칸PC방 이매점,경기 성남시 분당구 판교로 436,37.405153,127.122204,A,폐업,
야탑점,20260706438,2026-07-06,2026-07 ~ 2026-08,1905,베스트PC게임랜드,경기 성남시 중원구 제일로 17,37.428671,127.137377,A,폐업,
야탑점,20260706438,2026-07-06,2026-07 ~ 2026-08,1935,제로백PC방 도촌점,경기 성남시 중원구 도촌로8번길 11,37.414978,127.151545,A,영업,
야탑점,20260706438,2026-07-06,2026-07 ~ 2026-08,43,킹스PC방,경기 성남시 분당구 성남대로926번길 6,37.412182,127.129833,-,,
야탑점,20260706438,2026-07-06,2026-07 ~ 2026-08,53,레벨업 PC방 야탑점,경기 성남시 분당구 성남대로 926,37.412573,127.129290,-,,
야탑점,20260706438,2026-07-06,2026-07 ~ 2026-08,61,옵티멈존PC카페 야탑점,경기 성남시 분당구 성남대로926번길 18,37.413110,127.129746,-,,
야탑점,20260706438,2026-07-06,2026-07 ~ 2026-08,61,덤프피씨,경기 성남시 분당구 성남대로926번길 18,37.413110,127.129745,-,,
야탑점,20260706438,2026-07-06,2026-07 ~ 2026-08,106,킹스PC방 2호점,경기 성남시 분당구 성남대로916번길 5,37.411615,127.129926,-,,
야탑점,20260706438,2026-07-06,2026-07 ~ 2026-08,263,크루PC방,경기 성남시 분당구 야탑로69번길 24-6,37.411436,127.127278,-,,
야탑점,20260706438,2026-07-06,2026-07 ~ 2026-08,354,비바쿡앤플존PC,경기 성남시 분당구 야탑로69번길 8,37.410525,127.126826,-,,
야탑점,20260706438,2026-07-06,2026-07 ~ 2026-08,384,JMT PC3,경기 성남시 분당구 매화로 50,37.411943,127.134165,-,,
울산대점,20250110420,2025-01-10,2025-01 ~ 2026-08,506,인터존PC방,울산 남구 대학로64번길 7-16,35.540919,129.259672,A,,
울산대점,20250110420,2025-01-10,2025-01 ~ 2026-08,685,루체PC,울산 남구 대학로43번길 18-14,35.540958,129.255868,A,,
울산대점,20250110420,2025-01-10,2025-01 ~ 2026-08,706,카카오PC 울산과학대점,울산 남구 대학로55번길 19,35.541060,129.255434,A,,
울산대점,20250110420,2025-01-10,2025-01 ~ 2026-08,737,메타PC 울산과학대점,울산 남구 대학로43번길 18-4,35.540571,129.255539,A,,
울산대점,20250110420,2025-01-10,2025-01 ~ 2026-08,788,더케이PC플러스,울산 남구 신복로46번길 32,35.551947,129.258175,A,,
울산대점,20250110420,2025-01-10,2025-01 ~ 2026-08,791,더케이PC카페,울산 남구 신복로46번길 32,35.551947,129.258065,A,,
울산대점,20250110420,2025-01-10,2025-01 ~ 2026-08,1176,다모아PC,울산 남구 삼호로 79,35.549449,129.273173,A,,
울산대점,20250110420,2025-01-10,2025-01 ~ 2026-08,1232,프리덤pc방,울산 울주군 범서읍 굴화1길 64-5,35.556402,129.260878,A,,
울산대점,20250110420,2025-01-10,2025-01 ~ 2026-08,133,웨이브,울산 남구 대학로 106,35.544222,129.260601,-,,
울산대점,20250110420,2025-01-10,2025-01 ~ 2026-08,231,뉴PC클럽,울산 남구 대학로121번길 18,35.546484,129.259133,-,,
울산대점,20250110420,2025-01-10,2025-01 ~ 2026-08,251,티오PC카페 무거점,울산 남구 신복로21번길 19,35.546610,129.258980,-,,
울산대점,20250110420,2025-01-10,2025-01 ~ 2026-08,266,시즌아이PC방 울산대점,울산 남구 신복로21번길 13-1,35.547110,129.259303,-,,
울산대점,20250110420,2025-01-10,2025-01 ~ 2026-08,268,배드VR게임장 무거점,울산 남구 대학로94번길 10,35.542896,129.260922,-,,
울산대점,20250110420,2025-01-10,2025-01 ~ 2026-08,278,카카오PC,울산 남구 신복로21번길 11,35.547354,129.259475,-,,
울산대점,20250110420,2025-01-10,2025-01 ~ 2026-08,307,레드션PC방,울산 남구 대학로131번길 22,35.547524,129.259213,-,,
울산대점,20250110420,2025-01-10,2025-01 ~ 2026-08,311,스카이PC클럽,울산 남구 신복로6번길 7,35.548101,129.261483,-,,
울산대점,20250110420,2025-01-10,2025-01 ~ 2026-08,377,벅스 PC방,울산 남구 대학로 82,35.542152,129.259670,-,,
울산대점,20250110420,2025-01-10,2025-01 ~ 2026-08,407,레벨업PC방 울산점,울산 남구 대학로 80,35.541884,129.259591,-,,
울산대점,20250110420,2025-01-10,2025-01 ~ 2026-08,407,쓰리팝PC카페 울산대점,울산 남구 대학로 80,35.541883,129.259593,-,,
울산대점,20250110420,2025-01-10,2025-01 ~ 2026-08,442,브랜뉴PC 울산무거점,울산 남구 신복로 33,35.548708,129.258701,-,,
울산대점,20250110420,2025-01-10,2025-01 ~ 2026-08,449,몬스터PC 울산대점,울산 남구 대학로 74,35.541612,129.259182,-,,
하남덕풍점,20230818398,2023-08-18,2023-09 ~ 2026-08,546,와우PC,경기 하남시 신장로 97-1,37.537033,127.206939,A,,
하남덕풍점,20230818398,2023-08-18,2023-09 ~ 2026-08,550,원투PC존,경기 하남시 신장로 97-1,37.536984,127.206955,A,,
하남덕풍점,20230818398,2023-08-18,2023-09 ~ 2026-08,690,궁뎅이PC방,경기 하남시 역말로16번길 3,37.533778,127.200698,A,,
하남덕풍점,20230818398,2023-08-18,2023-09 ~ 2026-08,717,아이닉스PC방,경기 하남시 역말로 15,37.533620,127.200151,A,,
하남덕풍점,20230818398,2023-08-18,2023-09 ~ 2026-08,786,욜로PC방 하남신장점,경기 하남시 하남대로 780,37.540031,127.210832,A,,
하남덕풍점,20230818398,2023-08-18,2023-09 ~ 2026-08,1039,제로백 신장점,경기 하남시 대청로 13,37.540248,127.213691,A,,
하남덕풍점,20230818398,2023-08-18,2023-09 ~ 2026-08,1163,탑클래스PC방 하남시청점,경기 하남시 대청로 26,37.540445,127.215088,A,,
하남덕풍점,20230818398,2023-08-18,2023-09 ~ 2026-08,1376,피에스타PC방 하남덕풍점,경기 하남시 덕풍동로 111,37.551195,127.208434,A,,
하남덕풍점,20230818398,2023-08-18,2023-09 ~ 2026-08,1531,레벨업PC,경기 하남시 대청로 62-1,37.540184,127.219269,A,,
하남덕풍점,20230818398,2023-08-18,2023-09 ~ 2026-08,63,긱스타PC방,경기 하남시 신장로 162,37.540365,127.201485,-,,
하남덕풍점,20230818398,2023-08-18,2023-09 ~ 2026-08,85,필드스타PC카페,경기 하남시 신장로 164,37.540383,127.201168,-,,
하남덕풍점,20230818398,2023-08-18,2023-09 ~ 2026-08,292,레드포스PC아레나 하남신장점,경기 하남시 신평로 57,37.538875,127.204980,-,,
하남덕풍점,20230818398,2023-08-18,2023-09 ~ 2026-08,293,3POP PC카페,경기 하남시 신평로 57,37.538888,127.205002,-,,
하남덕풍점,20230818398,2023-08-18,2023-09 ~ 2026-08,314,스타디움PC,경기 하남시 신평로 65,37.539520,127.205462,-,,
하남덕풍점,20230818398,2023-08-18,2023-09 ~ 2026-08,360,제노PC방,경기 하남시 신장1로9번길 71,37.538797,127.205762,-,,
하남덕풍점,20230818398,2023-08-18,2023-09 ~ 2026-08,477,짱PC,경기 하남시 신장로 104,37.537647,127.206518,-,,
호구포역점,N003,,,1122,욜로PC방 인천논현점,인천 남동구 논고개로123번길 35,37.401468,126.722090,A,,
호구포역점,N003,,,1207,아이비스피씨방,인천 남동구 논고개로123번길 17,37.401688,126.723081,A,,
호구포역점,N003,,,1208,아이젠PC방,인천 남동구 논고개로123번길 17,37.401676,126.723079,A,,
호구포역점,N003,,,1208,더원PC,인천 남동구 논고개로123번길 17,37.401685,126.723084,A,,
호구포역점,N003,,,1277,시즌PC방,인천 남동구 논고개로 117,37.401689,126.723861,A,,
호구포역점,N003,,,1325,챔버스 인천논현점,인천 남동구 논고개로 120,37.402019,126.724430,A,,
호구포역점,N003,,,1551,쥬쥬BOX,인천 남동구 논고개로 77,37.398438,126.726254,A,,
호구포역점,N003,,,1693,라피에스타PC카페 모노치즈,인천 남동구 논고개로 61,37.397492,126.727564,A,,
호구포역점,N003,,,1946,스타PC,인천 남동구 에코중앙로156번길 5-8,37.391271,126.726414,A,,
광주첨단점,20260717439,2026-07-17,2026-07 ~ 2026-08,514,아크로폴리탄,전남광주통합특별시 광산구 임방울대로826번길 47,35.215306,126.849207,A,,
광주첨단점,20260717439,2026-07-17,2026-07 ~ 2026-08,568,블루오션PC방,전남광주통합특별시 광산구 월계로 117-32,35.216639,126.838151,A,,
광주첨단점,20260717439,2026-07-17,2026-07 ~ 2026-08,584,크라우드PC 광주첨단점,전남광주통합특별시 광산구 월계로 223-8,35.214412,126.850107,A,,
광주첨단점,20260717439,2026-07-17,2026-07 ~ 2026-08,698,미스터KPC방,전남광주통합특별시 광산구 첨단중앙로170번길 64,35.220429,126.845409,A,,
광주첨단점,20260717439,2026-07-17,2026-07 ~ 2026-08,1115,사이버캐슬PC방,전남광주통합특별시 광산구 월계로 50,35.210911,126.832160,A,,
광주첨단점,20260717439,2026-07-17,2026-07 ~ 2026-08,1136,메가PC방,전남광주통합특별시 광산구 앰코로 35,35.221727,126.852279,A,,
광주첨단점,20260717439,2026-07-17,2026-07 ~ 2026-08,1598,초아PC방,전남광주통합특별시 북구 첨단연신로 261,35.207322,126.859056,A,,
광주첨단점,20260717439,2026-07-17,2026-07 ~ 2026-08,1753,아이리스PC PoP,전남광주통합특별시 북구 첨단연신로107번길 45-21,35.206884,126.860700,A,,
광주첨단점,20260717439,2026-07-17,2026-07 ~ 2026-08,1967,크라우드PC 첨단2지구점,전남광주통합특별시 북구 첨단연신로91번길 10,35.206670,126.863208,A,,
광주첨단점,20260717439,2026-07-17,2026-07 ~ 2026-08,1978,레드포스PC아레나 신용양산점,전남광주통합특별시 북구 첨단연신로91번길 10,35.206552,126.863267,A,,
광주첨단점,20260717439,2026-07-17,2026-07 ~ 2026-08,55,엘씨피시방,전남광주통합특별시 광산구 첨단중앙로 96,35.213829,126.843471,-,,
광주첨단점,20260717439,2026-07-17,2026-07 ~ 2026-08,58,라움PC,전남광주통합특별시 광산구 첨단중앙로 96,35.214022,126.843134,-,,
광주첨단점,20260717439,2026-07-17,2026-07 ~ 2026-08,76,유지트PC 첨단점,전남광주통합특별시 광산구 월계로 169,35.213667,126.844047,-,,
광주첨단점,20260717439,2026-07-17,2026-07 ~ 2026-08,93,소풍PC 광주첨단점,전남광주통합특별시 광산구 첨단중앙로106번길 23,35.214940,126.844353,-,,
광주첨단점,20260717439,2026-07-17,2026-07 ~ 2026-08,119,아이리스PC,전남광주통합특별시 광산구 첨단중앙로106번길 29,35.214961,126.844717,-,,
광주첨단점,20260717439,2026-07-17,2026-07 ~ 2026-08,186,도트PC 첨단지구점,전남광주통합특별시 광산구 첨단중앙로106번길 50,35.214603,126.845711,-,,
광주첨단점,20260717439,2026-07-17,2026-07 ~ 2026-08,197,화이트PC,전남광주통합특별시 광산구 임방울대로800번길 82,35.213822,126.845783,-,,
광주첨단점,20260717439,2026-07-17,2026-07 ~ 2026-08,228,레드포스PC아레나 광주첨단점,전남광주통합특별시 광산구 임방울대로800번길 71,35.214213,126.846205,-,,
광주첨단점,20260717439,2026-07-17,2026-07 ~ 2026-08,381,킹덤피시방,전남광주통합특별시 광산구 월계로 203,35.213849,126.847846,-,,
강릉교동점(신),20260123429,2026-01-23,2026-01 ~ 2026-08,851,G플러스PC,강원특별자치도 강릉시 지변길 2,37.773303,128.874700,B,,
강릉교동점(신),20260123429,2026-01-23,2026-01 ~ 2026-08,858,오셀롯pc방 강릉원주대점,강원특별자치도 강릉시 지변길 32,37.772284,128.872212,B,,
강릉교동점(신),20260123429,2026-01-23,2026-01 ~ 2026-08,902,PC토랑 강릉원주대점,강원특별자치도 강릉시 지변길 20,37.773075,128.872777,B,,
강릉교동점(신),20260123429,2026-01-23,2026-01 ~ 2026-08,1214,제로백PC방 강릉유천점,강원특별자치도 강릉시 선수촌로 69,37.757266,128.870040,C,,
강릉교동점(신),20260123429,2026-01-23,2026-01 ~ 2026-08,1217,리그PC,강원특별자치도 강릉시 선수촌로 69,37.757279,128.869966,C,,
강릉교동점(신),20260123429,2026-01-23,2026-01 ~ 2026-08,1276,제너스PC 강릉유천점,강원특별자치도 강릉시 선수촌로63번길 6-3,37.756843,128.869581,C,,
강릉교동점(신),20260123429,2026-01-23,2026-01 ~ 2026-08,1560,SSVR게임,강원특별자치도 강릉시 사임당로 129,37.756182,128.865611,C,,
강릉교동점(신),20260123429,2026-01-23,2026-01 ~ 2026-08,1717,붐PC방,강원특별자치도 강릉시 임영로164번길 8,37.755751,128.892555,C,,
강릉교동점(신),20260123429,2026-01-23,2026-01 ~ 2026-08,1767,갤럭시게임랜드,강원특별자치도 강릉시 강릉대로 245,37.760014,128.896626,C,,
강릉교동점(신),20260123429,2026-01-23,2026-01 ~ 2026-08,1783,게임존,강원특별자치도 강릉시 율곡로 2862,37.758984,128.896225,C,,
강릉교동점(신),20260123429,2026-01-23,2026-01 ~ 2026-08,1907,에버피시(ever pc),강원특별자치도 강릉시 문화의길8번길 1,37.755009,128.894610,C,,
강릉교동점(신),20260123429,2026-01-23,2026-01 ~ 2026-08,1937,CNGPC,강원특별자치도 강릉시 문화의길7번길 7,37.754226,128.894181,C,,
강릉교동점(신),20260123429,2026-01-23,2026-01 ~ 2026-08,54,옹포PC,강원특별자치도 강릉시 솔올로 51,37.766608,128.878277,-,,
강릉교동점(신),20260123429,2026-01-23,2026-01 ~ 2026-08,65,오셀롯PC 강릉교동점,강원특별자치도 강릉시 하슬라로192번길 21,37.766700,128.877929,-,,
강릉교동점(신),20260123429,2026-01-23,2026-01 ~ 2026-08,103,SF PC,강원특별자치도 강릉시 솔올로 38,37.765217,128.878341,-,,
강릉교동점(신),20260123429,2026-01-23,2026-01 ~ 2026-08,134,스피드PC방,강원특별자치도 강릉시 교동광장로100번길 8-12,37.765149,128.877230,-,,
강릉교동점(신),20260123429,2026-01-23,2026-01 ~ 2026-08,216,라이킷PC 강릉교동점,강원특별자치도 강릉시 솔올로 25,37.764217,128.877630,-,,
강릉교동점(신),20260123429,2026-01-23,2026-01 ~ 2026-08,240,엠엑스5피씨방(MX5PC방),강원특별자치도 강릉시 교동광장로 110,37.764397,128.876489,-,,
강릉교동점(신),20260123429,2026-01-23,2026-01 ~ 2026-08,416,인디고PC 교동본점,강원특별자치도 강릉시 솔올로5번길 5,37.762529,128.876816,-,,
강릉교동점(신),20260123429,2026-01-23,2026-01 ~ 2026-08,437,시즌아이PC방,강원특별자치도 강릉시 정원로 42,37.762256,128.877219,-,,
 창원상남점,N010,,,593,K1PC방,경남 창원시 성산구 동산로73번길 15,35.217514,128.684694,B,,
 창원상남점,N010,,,652,탑존PC,경남 창원시 성산구 중앙대로83번길 14,35.223390,128.677474,B,,
 창원상남점,N010,,,787,멀티방,경남 창원시 성산구 용지로153번길 7,35.228944,128.680159,B,,
 창원상남점,N010,,,799,엑스존3PC방,경남 창원시 성산구 용지로113번길 17-1,35.227082,128.677489,C,,
 창원상남점,N010,,,817,이노스페이스 창원중앙점,경남 창원시 성산구 용지로 58,35.221317,128.675833,C,,
 창원상남점,N010,,,823,욜로PC 용호점,경남 창원시 성산구 원이대로589번길 18,35.229193,128.679901,C,,
 창원상남점,N010,,,829,존버PC,경남 창원시 성산구 용지로153번길 12,35.229409,128.680209,C,,
 창원상남점,N010,,,883,레드포스PC아레나 용호점,경남 창원시 성산구 용지로169번길 11-14,35.230086,128.680523,C,,
 창원상남점,N010,,,1405,인터넷광장,경남 창원시 성산구 창이대로706번길 4-24,35.222639,128.700039,C,,
 창원상남점,N010,,,1422,OXPC 창원사파동점,경남 창원시 성산구 창이대로706번길 4-14,35.222193,128.700214,C,,
 창원상남점,N010,,,1802,아이센스블랙라벨PC존 창원남양점,경남 창원시 성산구 대암로 40-14,35.213630,128.700891,C,,
 창원상남점,N010,,,1915,OXPC 창원반송점,경남 창원시 성산구 원이대로473번길 9,35.234795,128.669418,C,,
 창원상남점,N010,,,1921,저스트PC존,경남 창원시 성산구 가음로15번길 38,35.212632,128.701628,C,,
 창원상남점,N010,,,37,고릴라PC방,경남 창원시 성산구 마디미로 14,35.223114,128.684880,-,,
 창원상남점,N010,,,44,앤유 NUPC 창원상남점,경남 창원시 성산구 마디미로22번길 6,35.222847,128.684123,-,,
 창원상남점,N010,,,60,볼트PC,경남 창원시 성산구 마디미로 10,35.223286,128.685028,-,,
 창원상남점,N010,,,104,메타pc 창원상남점,경남 창원시 성산구 마디미로21번길 7,35.222155,128.685374,-,,
 창원상남점,N010,,,119,토브pc,경남 창원시 성산구 마디미로27번길 4,35.221803,128.684354,-,,
 창원상남점,N010,,,120,앤유pc방 상남2호점,경남 창원시 성산구 마디미로10번길 10,35.223948,128.684662,-,,
 창원상남점,N010,,,126,K1 2호점,경남 창원시 성산구 마디미로21번길 8,35.221833,128.685214,-,,
 창원상남점,N010,,,160,행복한PC방,경남 창원시 성산구 원이대로 656,35.224238,128.685140,-,,
 창원상남점,N010,,,288,이레PC방 상남점,경남 창원시 성산구 마디미로43번길 2,35.220506,128.683273,-,,
 창원상남점,N010,,,317,OXPC 창원상남점,경남 창원시 성산구 단정로 13,35.220708,128.682323,-,,
 창원상남점,N010,,,482,코크게임,경남 창원시 성산구 중앙대로 111,35.224791,128.679867,-,,
동탄북광장점,20250124421,2025-01-24,2025-01 ~ 2026-08,589,디엘스PC 남광장점,경기 화성시 동탄구 동탄중심상가1길 27,37.201150,127.072553,B,,
동탄북광장점,20250124421,2025-01-24,2025-01 ~ 2026-08,594,쉬는시간피씨존,경기 화성시 동탄구 동탄중심상가1길 31,37.201138,127.072267,B,,
동탄북광장점,20250124421,2025-01-24,2025-01 ~ 2026-08,594,레드포스PC아레나 동탄남광장점,경기 화성시 동탄구 동탄중심상가1길 31,37.201134,127.072276,B,,
동탄북광장점,20250124421,2025-01-24,2025-01 ~ 2026-08,594,라운드앤,경기 화성시 동탄구 동탄중심상가1길 31,37.201134,127.072276,C,,
동탄북광장점,20250124421,2025-01-24,2025-01 ~ 2026-08,607,잇츠PC,경기 화성시 동탄구 동탄중심상가1길 35,37.201131,127.071578,C,,
동탄북광장점,20250124421,2025-01-24,2025-01 ~ 2026-08,712,동탄 탑플레이스PC방,경기 화성시 동탄구 동탄중심상가1길 8,37.200089,127.072004,C,,
동탄북광장점,20250124421,2025-01-24,2025-01 ~ 2026-08,722,수피아PC방 동탄점,경기 화성시 동탄구 동탄반석로 124,37.200038,127.071719,C,,
동탄북광장점,20250124421,2025-01-24,2025-01 ~ 2026-08,885,헤라PC방,경기 화성시 동탄구 동탄지성로 108,37.208526,127.063678,C,,
동탄북광장점,20250124421,2025-01-24,2025-01 ~ 2026-08,943,욜로PC방 화성반송점,경기 화성시 동탄구 동탄지성로 109,37.208299,127.062927,C,,
동탄북광장점,20250124421,2025-01-24,2025-01 ~ 2026-08,1035,일렉트로VR 화성동탄점,경기 화성시 동탄구 동탄중앙로 376,37.214235,127.079679,C,,
동탄북광장점,20250124421,2025-01-24,2025-01 ~ 2026-08,1236,피씨(PC)토랑 2호점,경기 화성시 동탄구 동탄지성로 141,37.209425,127.059878,C,,
동탄북광장점,20250124421,2025-01-24,2025-01 ~ 2026-08,1467,아크PC,경기 화성시 동탄구 동탄솔빛로 48,37.193203,127.073326,C,,
동탄북광장점,20250124421,2025-01-24,2025-01 ~ 2026-08,1710,아칸pc카페,경기 화성시 동탄구 10용사로 349-3,37.199337,127.056194,C,,
동탄북광장점,20250124421,2025-01-24,2025-01 ~ 2026-08,43,데일리PC카페,경기 화성시 동탄구 동탄중심상가2길 36,37.206789,127.073484,-,,
동탄북광장점,20250124421,2025-01-24,2025-01 ~ 2026-08,60,제로백PC 동탄북광장점,경기 화성시 동탄구 동탄중심상가2길 29,37.206149,127.073880,-,,
동탄북광장점,20250124421,2025-01-24,2025-01 ~ 2026-08,73,크라우드PC 북광장점,경기 화성시 동탄구 동탄중심상가2길 11,37.205765,127.073276,-,,
동탄북광장점,20250124421,2025-01-24,2025-01 ~ 2026-08,87,더플레이 동탄점,경기 화성시 동탄구 동탄중심상가2길 15,37.205663,127.073552,-,,
동탄북광장점,20250124421,2025-01-24,2025-01 ~ 2026-08,164,에스알피PC방 동탄북광장점,경기 화성시 동탄구 동탄지성로 2,37.205015,127.073863,-,,
춘천퇴계점,N002,,,589,게임#더 아지트,강원특별자치도 춘천시 안마산로 217-1,37.849911,127.738676,B,,
춘천퇴계점,N002,,,800,레드포스PC아레나 춘천퇴계점,강원특별자치도 춘천시 김유정로 1884,37.854290,127.737102,B,,
춘천퇴계점,N002,,,900,웁씨PC방 춘천본점,강원특별자치도 춘천시 퇴계로 183,37.857664,127.739302,B,,
춘천퇴계점,N002,,,904,고스트PC방,강원특별자치도 춘천시 후석로 45,37.858745,127.741830,C,,
춘천퇴계점,N002,,,912,샹떼 PC방 석사점,강원특별자치도 춘천시 후석로 47,37.858842,127.741922,C,,
춘천퇴계점,N002,,,913,라운지PC방,강원특별자치도 춘천시 후석로 47,37.858846,127.741899,C,,
춘천퇴계점,N002,,,998,장동민의크라우드PC 퇴계점,강원특별자치도 춘천시 퇴계로 175,37.858191,127.738329,C,,
춘천퇴계점,N002,,,1236,라이또PC방 춘천거두점,강원특별자치도 춘천시 동내면 거두택지길 93-16,37.856349,127.757587,C,,
춘천퇴계점,N002,,,1704,가까운PC방 (퇴계점),강원특별자치도 춘천시 퇴계로93번길 10-8,37.862227,127.731942,C,,
춘천퇴계점,N002,,,1755,나인9PC,강원특별자치도 춘천시 백령로 4,37.865039,127.735916,C,,
춘천퇴계점,N002,,,1756,리드pc방,강원특별자치도 춘천시 백령로 4,37.865056,127.735934,C,,
춘천퇴계점,N002,,,1789,라이또PC방 춘천퇴계점,강원특별자치도 춘천시 퇴계로93번길 3,37.862384,127.730770,C,,
춘천퇴계점,N002,,,1859,강원대PC카페,강원특별자치도 춘천시 백령로 29,37.866768,127.737914,C,,
춘천퇴계점,N002,,,1873,겜잡이피씨방,강원특별자치도 춘천시 애막골길3번길 28,37.867038,127.752055,C,,
춘천퇴계점,N002,,,44,자이언트PC방 2호점,강원특별자치도 춘천시 지석로 85,37.851021,127.744719,-,,
춘천퇴계점,N002,,,50,리얼레이싱존,강원특별자치도 춘천시 퇴계농공로 19,37.851421,127.744897,-,,
춘천퇴계점,N002,,,99,옵티멈존 피씨카페춘천석사점 주식회사,강원특별자치도 춘천시 퇴계농공로 22,37.851218,127.744116,-,,
춘천퇴계점,N002,,,100,에코스피시방,강원특별자치도 춘천시 퇴계농공로 22,37.851109,127.744081,-,,
금촌역점,20250530424,2025-05-30,2025-05 ~ 2026-08,815,라이또PC 금촌점,경기 파주시 동산2길 32,37.758190,126.770707,B,,
금촌역점,20250530424,2025-05-30,2025-05 ~ 2026-08,895,스펙PC카페,경기 파주시 한마음1길 40,37.757291,126.771063,B,,
금촌역점,20250530424,2025-05-30,2025-05 ~ 2026-08,920,시네마북피씨방,경기 파주시 한마음1길 39-10,37.757313,126.770257,B,,
금촌역점,20250530424,2025-05-30,2025-05 ~ 2026-08,926,레벨업 피씨카페,경기 파주시 한마음1길 38,37.756962,126.771187,C,,
금촌역점,20250530424,2025-05-30,2025-05 ~ 2026-08,926,포텐피씨 카페4TEN PC CAFE,경기 파주시 한마음1길 38,37.756962,126.771187,C,,
금촌역점,20250530424,2025-05-30,2025-05 ~ 2026-08,927,포텐pc카페,경기 파주시 한마음1길 38,37.756954,126.771180,C,,
금촌역점,20250530424,2025-05-30,2025-05 ~ 2026-08,948,맥스피드PC 금촌본점,경기 파주시 번영로 37,37.757620,126.768854,C,,
금촌역점,20250530424,2025-05-30,2025-05 ~ 2026-08,1545,피씨토랑,경기 파주시 금빛로 24-21,37.751985,126.767918,C,,
금촌역점,20250530424,2025-05-30,2025-05 ~ 2026-08,1554,아이센스리그PC,경기 파주시 금빛로 24-17,37.751983,126.767632,C,,
금촌역점,20250530424,2025-05-30,2025-05 ~ 2026-08,1567,점핏(JUMPIT),경기 파주시 금빛로 24-28,37.751655,126.768273,C,,
금촌역점,20250530424,2025-05-30,2025-05 ~ 2026-08,1570,사이버파크PC방 금릉역점,경기 파주시 금빛로 24-28,37.751626,126.768278,C,,
금촌역점,20250530424,2025-05-30,2025-05 ~ 2026-08,1570,아이탐스PC존,경기 파주시 금빛로 24-9,37.751954,126.767258,C,,
금촌역점,20250530424,2025-05-30,2025-05 ~ 2026-08,1601,쓰리팝 파주금릉점,경기 파주시 금빛로 24-10,37.751652,126.767276,C,,
금촌역점,20250530424,2025-05-30,2025-05 ~ 2026-08,1606,파워플레이스테이션,경기 파주시 금릉역로 84,37.752115,126.765939,C,,
금촌역점,20250530424,2025-05-30,2025-05 ~ 2026-08,1615,클라스PC방,경기 파주시 금빛로 22,37.751627,126.766939,C,,
금촌역점,20250530424,2025-05-30,2025-05 ~ 2026-08,108,올레피씨,경기 파주시 새꽃로 206-2,37.765389,126.775580,-,,
금촌역점,20250530424,2025-05-30,2025-05 ~ 2026-08,118,VR플레이스 파주금촌점,경기 파주시 아동로 7,37.764215,126.775581,-,,
금촌역점,20250530424,2025-05-30,2025-05 ~ 2026-08,148,불독PC카페,경기 파주시 아동로 10,37.764023,126.775825,-,,
금촌역점,20250530424,2025-05-30,2025-05 ~ 2026-08,161,아이비스PC방 금촌점,경기 파주시 아동로 15,37.764716,126.776349,-,,
금촌역점,20250530424,2025-05-30,2025-05 ~ 2026-08,174,헤라PC 금촌점,경기 파주시 문화로 103,37.763304,126.774554,-,,
금촌역점,20250530424,2025-05-30,2025-05 ~ 2026-08,174,쓰리팝PC,경기 파주시 문화로 103,37.763303,126.774479,-,,
금촌역점,20250530424,2025-05-30,2025-05 ~ 2026-08,456,금촌게임장,경기 파주시 문화로 74,37.760878,126.775722,-,,
김포풍무점,N013,,,805,진PC방,경기 김포시 풍무로 45-1,37.600045,126.720559,B,,
김포풍무점,N013,,,958,플레이문PC,경기 김포시 풍무1로 65-3,37.610769,126.733135,B,,
김포풍무점,N013,,,1424,피씨로그 플레잇 PC방 김포점,경기 김포시 사우중로 45,37.619148,126.718427,B,,
김포풍무점,N013,,,1430,캐치팡 사우점,경기 김포시 사우중로 45,37.619230,126.718504,C,,
김포풍무점,N013,,,1440,유에프오게임,인천 검단구 이음5로 80,37.595247,126.716324,C,,
김포풍무점,N013,,,1467,스페이스PC방,경기 김포시 돌문로 49,37.619296,126.717495,C,,
김포풍무점,N013,,,1537,원탑PC 검단점,인천 검단구 바리미로5번길 16,37.594473,126.715825,C,,
김포풍무점,N013,,,1605,레벨업PC카페,경기 김포시 사우중로 78,37.621258,126.720850,C,,
김포풍무점,N013,,,1608,레드포스PC아레나 아라역점,인천 검단구 바리미로5번길 8,37.594067,126.715042,C,,
김포풍무점,N013,,,1608,엔터오락실,인천 검단구 바리미로5번길 8,37.594067,126.715042,C,,
김포풍무점,N013,,,1613,안드로메다 사우점,경기 김포시 사우중로 78,37.621339,126.720908,C,,
김포풍무점,N013,,,1653,아이센스리그PC방 김포사우점,경기 김포시 사우중로 82,37.621737,126.721192,C,,
김포풍무점,N013,,,1860,픽업갈래,인천 검단구 발산로5번길 12,37.593342,126.711080,C,,
김포풍무점,N013,,,1900,레드포스PC아레나 인천검단점,인천 검단구 발산로 27,37.592929,126.711039,C,,
김포풍무점,N013,,,1954,피식PC 인천아라역점,인천 검단구 발산로 17,37.592805,126.710208,C,,
김포풍무점,N013,,,57,샹떼PC방 김포풍무점,경기 김포시 양도로 9,37.606675,126.723961,-,,
김포풍무점,N013,,,129,처제네PC,경기 김포시 승가로 4,37.606775,126.721960,-,,
김포풍무점,N013,,,173,노블PC,경기 김포시 풍무로146번길 32,37.607516,126.725230,-,,
김포풍무점,N013,,,457,맥스피드PC,경기 김포시 풍무로 84,37.602972,126.721992,-,,
산본점,N012,,,763,멜론PC방,경기 군포시 고산로 571,37.364010,126.925561,B,,
산본점,N012,,,950,헤라피씨,경기 군포시 금재로 1,37.362465,126.941685,B,,
산본점,N012,,,993,브라더 군포금정점,경기 군포시 번영로 599,37.363014,126.941912,B,,
산본점,N012,,,1003,앤PC방,경기 군포시 금산로 30,37.365129,126.940328,C,,
산본점,N012,,,1105,앤유PC 군포점,경기 군포시 번영로609번길 6,37.363658,126.942930,C,,
산본점,N012,,,1330,앤유PC방 산본점,경기 군포시 고산로 679,37.371084,126.933974,C,,
산본점,N012,,,1363,스토리PC카페,경기 군포시 당동로 12,37.351025,126.943206,C,,
산본점,N012,,,1434,인터조이PC방,경기 군포시 당동로 3-1,37.350687,126.943906,C,,
산본점,N012,,,1464,아레나PC방,경기 군포시 금산로 114,37.371929,126.936236,C,,
산본점,N012,,,1623,오션PC,경기 군포시 군포로 731,37.370509,126.943422,C,,
산본점,N012,,,1628,나이스,경기 군포시 산본천로 222,37.371471,126.941870,C,,
산본점,N012,,,1633,금정게임랜드,경기 군포시 군포로 733,37.370679,126.943340,C,,
산본점,N012,,,1696,타이탄PC,경기 군포시 군포로 745,37.371702,126.942816,C,,
산본점,N012,,,1847,아레나(ARENA)PC,경기 군포시 군포로456번길 16,37.346420,126.945065,C,,
산본점,N012,,,1847,크리드PC방 군포본점,경기 군포시 군포로456번길 19,37.346766,126.945574,C,,
산본점,N012,,,1861,옥돌PC방,경기 군포시 고산로 246-1,37.346247,126.945056,C,,
산본점,N012,,,1861,라이온PC라운지,경기 군포시 군포로456번길 18,37.346483,126.945416,C,,
산본점,N012,,,32,나인피씨방,경기 군포시 산본로323번길 20-5,37.358959,126.931605,-,,
산본점,N012,,,49,나는게이머다PC,경기 군포시 산본로323번길 22,37.358797,126.931601,-,,
산본점,N012,,,49,Z PC방,경기 군포시 산본로323번길 22,37.358797,126.931601,-,,
산본점,N012,,,54,옵티멈존PC카페 산본로데오점,경기 군포시 산본로323번길 16-12,37.359448,126.932296,-,,
산본점,N012,,,70,투아트플스방,경기 군포시 산본로323번길 24,37.358671,126.931371,-,,
산본점,N012,,,70,콤마PC 카페 산본역점,경기 군포시 산본로323번길 16-25,37.359751,126.931297,-,,
산본점,N012,,,88,옵티멈존PC카페 산본역점,경기 군포시 산본로323번길 10-6,37.359486,126.932695,-,,
산본점,N012,,,92,1프로PC아레나 산본점,경기 군포시 산본로323번길 26-22,37.359365,126.930725,-,,
산본점,N012,,,93,싸이버스카이PC방,경기 군포시 산본로323번길 16-29,37.359925,126.931162,-,,
산본점,N012,,,101,ANG PC방,경기 군포시 광정로 60,37.358708,126.930795,-,,
산본점,N012,,,106,낮과밤PC방,경기 군포시 산본로323번길 16-30,37.360181,126.931613,-,,
산본점,N012,,,127,퍼스트PC방,경기 군포시 산본로323번길 16-36,37.360351,126.931450,-,,
산본점,N012,,,143,철구PC 군포산본점,경기 군포시 번영로 489,37.357943,126.931584,-,,
산본점,N012,,,197,셈틀사랑,경기 군포시 광정로 78,37.360007,126.929748,-,,
평택소사벌점,N009,,,610,사이버엔터pc방 평택비전점,경기 평택시 평택5로114번길 46,36.995354,127.112176,B,,
평택소사벌점,N009,,,686,골드PC,경기 평택시 평택5로96번길 10,36.994640,127.112296,B,,
평택소사벌점,N009,,,698,팀PC방,경기 평택시 평택5로 98,36.994606,127.111801,B,,
평택소사벌점,N009,,,701,사이버게이트,경기 평택시 평남로 709,36.994448,127.112844,C,,
평택소사벌점,N009,,,705,익사이팅PC방 비전점,경기 평택시 평택5로 98,36.994554,127.111757,C,,
평택소사벌점,N009,,,710,크라우드PC 평택비전점,경기 평택시 평남로 705,36.994399,127.112503,C,,
평택소사벌점,N009,,,768,PC게임랜드,경기 평택시 평남로 702,36.993913,127.112156,C,,
평택소사벌점,N009,,,941,뉴블랙PC방 비전점,경기 평택시 만세로 1845-2,37.003887,127.103758,C,,
평택소사벌점,N009,,,1208,맥스피드PC,경기 평택시 평택5로20번길 37,36.989851,127.113375,C,,
평택소사벌점,N009,,,1389,아이팝PC 평택용이점,경기 평택시 용죽2로 32-45,36.992316,127.125137,C,,
평택소사벌점,N009,,,1494,아이비PC카페,경기 평택시 조개터로34번길 26,36.989821,127.103748,C,,
평택소사벌점,N009,,,1559,노리터PC카페,경기 평택시 조개터로 32,36.989819,127.102557,C,,
평택소사벌점,N009,,,1635,유니PC존,경기 평택시 중앙로 138,36.992553,127.098307,C,,
평택소사벌점,N009,,,1668,코드블랙(평택동삭3호점),경기 평택시 서재로 4,37.010089,127.098899,C,,
평택소사벌점,N009,,,1715,뉴블랙PC방 평택법원점,경기 평택시 서재로 7,37.010284,127.098416,C,,
평택소사벌점,N009,,,1727,PC토랑 평택본점,경기 평택시 평남로 1025,37.009456,127.097500,C,,
평택소사벌점,N009,,,1948,앤유PC,경기 평택시 평남로 1046-1,37.009927,127.094921,C,,
평택소사벌점,N009,,,1957,크램PC카페,경기 평택시 평남로 1053,37.009458,127.094463,C,,
평택소사벌점,N009,,,56,레드포스PC아레나 평택비전점,경기 평택시 비전5로 24,37.000420,127.114074,-,,
평택소사벌점,N009,,,83,가상현실플레이존,경기 평택시 비전5로 15,37.000153,127.112985,-,,
평택소사벌점,N009,,,108,비비피씨,경기 평택시 비전2로 196,37.000908,127.112382,-,,
평택소사벌점,N009,,,113,뉴블랙,경기 평택시 비전5로 20-48,37.000391,127.114787,-,,
평택소사벌점,N009,,,243,갬성PC,경기 평택시 비전5로 20-36,36.999391,127.115746,-,,
창원남양점,20230908401,2023-09-08,2023-10 ~ 2026-08,686,피씨토랑 창원대방점,경남 창원시 성산구 대암로 110,35.215402,128.708101,B,,
창원남양점,20230908401,2023-09-08,2023-10 ~ 2026-08,725,PC토랑 창원가음점,경남 창원시 성산구 원이대로883번길 15-24,35.207944,128.697075,B,,
창원남양점,20230908401,2023-09-08,2023-10 ~ 2026-08,944,OXPC 창원사파동점,경남 창원시 성산구 창이대로706번길 4-14,35.222193,128.700214,B,,
창원남양점,20230908401,2023-09-08,2023-10 ~ 2026-08,994,인터넷광장,경남 창원시 성산구 창이대로706번길 4-24,35.222639,128.700039,C,,
창원남양점,20230908401,2023-09-08,2023-10 ~ 2026-08,1453,대우PC방,경남 창원시 성산구 정동로162번길 74,35.200823,128.697942,C,,
창원남양점,20230908401,2023-09-08,2023-10 ~ 2026-08,1454,OXPC 창원성주동점,경남 창원시 성산구 대암로 247,35.203898,128.711449,C,,
창원남양점,20230908401,2023-09-08,2023-10 ~ 2026-08,1505,인터밸리PC방,경남 창원시 성산구 대암로 247,35.203668,128.711976,C,,
창원남양점,20230908401,2023-09-08,2023-10 ~ 2026-08,1531,K1PC방,경남 창원시 성산구 동산로73번길 15,35.217514,128.684694,C,,
창원남양점,20230908401,2023-09-08,2023-10 ~ 2026-08,1686,K1 2호점,경남 창원시 성산구 마디미로21번길 8,35.221833,128.685214,C,,
창원남양점,20230908401,2023-09-08,2023-10 ~ 2026-08,1693,메타pc 창원상남점,경남 창원시 성산구 마디미로21번길 7,35.222155,128.685374,C,,
창원남양점,20230908401,2023-09-08,2023-10 ~ 2026-08,1750,토브pc,경남 창원시 성산구 마디미로27번길 4,35.221803,128.684354,C,,
창원남양점,20230908401,2023-09-08,2023-10 ~ 2026-08,1770,이레PC방 상남점,경남 창원시 성산구 마디미로43번길 2,35.220506,128.683273,C,,
창원남양점,20230908401,2023-09-08,2023-10 ~ 2026-08,1790,고릴라PC방,경남 창원시 성산구 마디미로 14,35.223114,128.684880,C,,
창원남양점,20230908401,2023-09-08,2023-10 ~ 2026-08,1791,볼트PC,경남 창원시 성산구 마디미로 10,35.223286,128.685028,C,,
창원남양점,20230908401,2023-09-08,2023-10 ~ 2026-08,1795,TTPC 창원상남직영점,경남 창원시 성산구 마디미로 20,35.222679,128.684459,C,,
창원남양점,20230908401,2023-09-08,2023-10 ~ 2026-08,1830,앤유 NUPC 창원상남점,경남 창원시 성산구 마디미로22번길 6,35.222847,128.684123,C,,
창원남양점,20230908401,2023-09-08,2023-10 ~ 2026-08,1848,행복한PC방,경남 창원시 성산구 원이대로 656,35.224238,128.685140,C,,
창원남양점,20230908401,2023-09-08,2023-10 ~ 2026-08,1858,OXPC 창원상남점,경남 창원시 성산구 단정로 13,35.220708,128.682323,C,,
창원남양점,20230908401,2023-09-08,2023-10 ~ 2026-08,1862,앤유pc방 상남2호점,경남 창원시 성산구 마디미로10번길 10,35.223948,128.684662,C,,
창원남양점,20230908401,2023-09-08,2023-10 ~ 2026-08,138,저스트PC존,경남 창원시 성산구 가음로15번길 38,35.212632,128.701628,-,,
창원남양점,20230908401,2023-09-08,2023-10 ~ 2026-08,238,아이앤락PC방,경남 창원시 성산구 가음로15번길 52,35.212845,128.703258,-,,
창원남양점,20230908401,2023-09-08,2023-10 ~ 2026-08,325,M마루PC방 남양점,경남 창원시 성산구 대정로 77,35.210773,128.700986,-,,
창원남양점,20230908401,2023-09-08,2023-10 ~ 2026-08,429,인터밸리PC방,경남 창원시 성산구 대암로 80,35.215002,128.705300,-,,
청주터미널점,20230829399,2023-08-29,2023-09 ~ 2026-08,521,보드카페정PC,충북 청주시 흥덕구 풍년로180번길 16,36.628374,127.432569,B,,
청주터미널점,20230829399,2023-08-29,2023-09 ~ 2026-08,618,케이제이프로택,충북 청주시 흥덕구 풍년로142번길 39,36.626120,127.435875,B,,
청주터미널점,20230829399,2023-08-29,2023-09 ~ 2026-08,730,레드PC,충북 청주시 흥덕구 짐대로72번길 41,36.630948,127.427579,B,,
청주터미널점,20230829399,2023-08-29,2023-09 ~ 2026-08,801,캠프VR 청주점,충북 청주시 흥덕구 비하로42번길 8,36.630985,127.425279,C,,
청주터미널점,20230829399,2023-08-29,2023-09 ~ 2026-08,826,샵PC방,충북 청주시 흥덕구 가경로 140,36.627476,127.437730,C,,
청주터미널점,20230829399,2023-08-29,2023-09 ~ 2026-08,1158,맥스PC,충북 청주시 흥덕구 대신로 4,36.633262,127.436318,C,,
청주터미널점,20230829399,2023-08-29,2023-09 ~ 2026-08,1504,피씨태그 개신점,충북 청주시 서원구 경신로 31-1,36.620635,127.445373,C,,
청주터미널점,20230829399,2023-08-29,2023-09 ~ 2026-08,1599,러쉬PC방,충북 청주시 서원구 신율로 49,36.622449,127.446952,C,,
청주터미널점,20230829399,2023-08-29,2023-09 ~ 2026-08,1628,레드포스PC 청주개신점,충북 청주시 서원구 복대로 13,36.618423,127.445820,C,,
청주터미널점,20230829399,2023-08-29,2023-09 ~ 2026-08,1686,G7 PC방,충북 청주시 흥덕구 대신로73번길 41,36.639410,127.432940,C,,
청주터미널점,20230829399,2023-08-29,2023-09 ~ 2026-08,1698,레드포스PC아레나 청주복대점,충북 청주시 흥덕구 대신로73번길 39,36.639480,127.433183,C,,
청주터미널점,20230829399,2023-08-29,2023-09 ~ 2026-08,1698,탑스타PC,충북 청주시 흥덕구 대신로73번길 39,36.639481,127.433182,C,,
청주터미널점,20230829399,2023-08-29,2023-09 ~ 2026-08,1703,아이센스블랙라벨PC존 청주지웰시티점,충북 청주시 흥덕구 대신로73번길 29,36.639434,127.433667,C,,
청주터미널점,20230829399,2023-08-29,2023-09 ~ 2026-08,1710,제로백PC방 청주복대점,충북 청주시 흥덕구 대신로73번길 23,36.639454,127.433940,C,,
청주터미널점,20230829399,2023-08-29,2023-09 ~ 2026-08,1712,시그니처PC,충북 청주시 흥덕구 대신로73번길 23,36.639478,127.433902,C,,
청주터미널점,20230829399,2023-08-29,2023-09 ~ 2026-08,1823,만땅pc,충북 청주시 흥덕구 성봉로 231,36.625830,127.449575,C,,
청주터미널점,20230829399,2023-08-29,2023-09 ~ 2026-08,1845,체크인체크PC,충북 청주시 흥덕구 2순환로 1060,36.640032,127.421852,C,,
청주터미널점,20230829399,2023-08-29,2023-09 ~ 2026-08,1972,캐치캐치,충북 청주시 흥덕구 2순환로1050번길 8-2,36.641270,127.421908,C,,
청주터미널점,20230829399,2023-08-29,2023-09 ~ 2026-08,1995,복대그린PC방,충북 청주시 흥덕구 내수동로 10,36.633643,127.448471,C,,
청주터미널점,20230829399,2023-08-29,2023-09 ~ 2026-08,108,체크인체크PC,충북 청주시 흥덕구 서현동로 16,36.623825,127.430129,-,,
청주터미널점,20230829399,2023-08-29,2023-09 ~ 2026-08,119,피시태그 청주강서점,충북 청주시 흥덕구 강서로 107,36.624741,127.427952,-,,
청주터미널점,20230829399,2023-08-29,2023-09 ~ 2026-08,120,뉴페이스PC방,충북 청주시 흥덕구 서현중로 56,36.623452,127.428929,-,,
청주터미널점,20230829399,2023-08-29,2023-09 ~ 2026-08,124,라이또PC방 강서점,충북 청주시 흥덕구 서현중로 58-1,36.623515,127.428611,-,,
청주터미널점,20230829399,2023-08-29,2023-09 ~ 2026-08,154,레드포스PC아레나 청주터미널,충북 청주시 흥덕구 가로수로1164번길 41-44,36.625890,127.429101,-,,
청주터미널점,20230829399,2023-08-29,2023-09 ~ 2026-08,190,아이피씨유 i PC U,충북 청주시 흥덕구 가로수로1164번길 41-29,36.625981,127.428165,-,,
청주터미널점,20230829399,2023-08-29,2023-09 ~ 2026-08,237,욜로pc방 청주가경점,충북 청주시 흥덕구 서현동로 4,36.622712,127.430698,-,,
청주터미널점,20230829399,2023-08-29,2023-09 ~ 2026-08,315,쿡PC,충북 청주시 흥덕구 가로수로1164번길 7-2,36.626442,127.426672,-,,
청주터미널점,20230829399,2023-08-29,2023-09 ~ 2026-08,378,블루PC,충북 청주시 흥덕구 가로수로1154번길 5-12,36.626248,127.425614,-,,
청주터미널점,20230829399,2023-08-29,2023-09 ~ 2026-08,408,시크릿PC방,충북 청주시 흥덕구 풍년로 144,36.625476,127.433658,-,,
청주터미널점,20230829399,2023-08-29,2023-09 ~ 2026-08,410,사이버존PC방,충북 청주시 흥덕구 풍년로 148-1,36.625793,127.433557,-,,
청주터미널점,20230829399,2023-08-29,2023-09 ~ 2026-08,447,해피머니게임장,충북 청주시 흥덕구 풍년로160번길 12,36.626752,127.433410,-,,
청주터미널점,20230829399,2023-08-29,2023-09 ~ 2026-08,483,두꺼비PC,충북 청주시 흥덕구 풍년로160번길 20,36.626884,127.433786,-,,
하안금당사거리,N004,,,502,저스트PC,경기 광명시 범안로 1059,37.463091,126.880057,B,,
하안금당사거리,N004,,,503,레벨업PC방 광명하안점,경기 광명시 범안로 1059,37.463096,126.880058,B,,
하안금당사거리,N004,,,774,제로백피씨 광명소하점,경기 광명시 하안로 180,37.453400,126.887842,B,,
하안금당사거리,N004,,,858,제로100피씨 광명하안점,경기 광명시 안현로 52,37.465565,126.877459,C,,
하안금당사거리,N004,,,1362,더엑스PC방 소하점,경기 광명시 소하로 88,37.446956,126.883470,C,,
하안금당사거리,N004,,,1424,제로100PC방,경기 광명시 하안로 112,37.448225,126.891310,C,,
하안금당사거리,N004,,,1632,월드클래스PC방,서울 금천구 두산로9길 31,37.471830,126.892525,C,,
하안금당사거리,N004,,,1687,아이러브PC,서울 금천구 가산로3길 54,37.472361,126.892613,C,,
하안금당사거리,N004,,,1732,레벨업PC방 독산점,서울 금천구 가산로3길 34,37.472344,126.893637,C,,
하안금당사거리,N004,,,1774,황금포커성게임랜드,서울 금천구 시흥대로 409,37.470117,126.897704,C,,
하안금당사거리,N004,,,1788,옵티멈존PC방 독산점,서울 금천구 시흥대로 406,37.469654,126.898430,C,,
하안금당사거리,N004,,,1790,메타PC 금천본점,서울 금천구 시흥대로 214,37.453042,126.901707,C,,
하안금당사거리,N004,,,1803,레벨업피씨카페 가산점,서울 금천구 디지털로10길 78,37.474540,126.889819,C,,
하안금당사거리,N004,,,1870,PC마루,서울 금천구 독산로 194,37.464377,126.903151,C,,
하안금당사거리,N004,,,1904,뉴스타PC방,서울 금천구 시흥대로 427,37.471641,126.897879,C,,
하안금당사거리,N004,,,1909,위너스피씨,서울 금천구 시흥대로 196,37.451404,126.902239,C,,
하안금당사거리,N004,,,1947,제닉스아레나 독산점,서울 금천구 시흥대로 426,37.471595,126.898629,C,,
하안금당사거리,N004,,,1952,아레나블랙PC방,서울 금천구 시흥대로 426,37.471562,126.898756,C,,
하안금당사거리,N004,,,1955,어셈블PC,서울 금천구 독산로 142,37.460085,126.905094,C,,
하안금당사거리,N004,,,407,메타피씨방 하안사거리점,경기 광명시 하안로 295,37.461971,126.879971,-,,
하안금당사거리,N004,,,446,마하pc카페,경기 광명시 하안로287번길 21,37.461160,126.878600,-,,
일산탄현점,20251114427,2025-11-21,2025-12 ~ 2026-08,751,더브이PC방 탄현점,경기 고양시 일산서구 일현로 127,37.698303,126.765120,B,,
일산탄현점,20251114427,2025-11-21,2025-12 ~ 2026-08,890,포그(pog)pc,경기 고양시 일산서구 일청로 32,37.686928,126.771690,B,,
일산탄현점,20251114427,2025-11-21,2025-12 ~ 2026-08,1108,욜로PC방 일산덕이점,경기 고양시 일산서구 하이파크2로 65,37.699819,126.756290,B,,
일산탄현점,20251114427,2025-11-21,2025-12 ~ 2026-08,1148,피씨마루(PC maru),경기 고양시 일산서구 일산로 638,37.682084,126.758559,C,,
일산탄현점,20251114427,2025-11-21,2025-12 ~ 2026-08,1288,챔버3,경기 고양시 일산서구 성저로46번길 2,37.683852,126.752712,C,,
일산탄현점,20251114427,2025-11-21,2025-12 ~ 2026-08,1367,퍼니펀방방,경기 고양시 일산서구 일산로 574,37.679368,126.764803,C,,
일산탄현점,20251114427,2025-11-21,2025-12 ~ 2026-08,1461,닉PC cafe 후곡점,경기 고양시 일산서구 일산로 558,37.678679,126.766396,C,,
일산탄현점,20251114427,2025-11-21,2025-12 ~ 2026-08,1469,NICPC카페,경기 고양시 일산서구 일산로 558,37.678605,126.766349,C,,
일산탄현점,20251114427,2025-11-21,2025-12 ~ 2026-08,1469,닉 PC방 후곡점,경기 고양시 일산서구 일산로 558,37.678600,126.766348,C,,
일산탄현점,20251114427,2025-11-21,2025-12 ~ 2026-08,1471,엔유 PC방,경기 고양시 일산동구 탄중로425번길 3,37.687226,126.779262,C,,
일산탄현점,20251114427,2025-11-21,2025-12 ~ 2026-08,1494,포시즌,경기 고양시 일산서구 일산로 559,37.678296,126.765731,C,,
일산탄현점,20251114427,2025-11-21,2025-12 ~ 2026-08,1496,알파존PC방,경기 고양시 일산동구 탄중로 421,37.687199,126.779544,C,,
일산탄현점,20251114427,2025-11-21,2025-12 ~ 2026-08,1516,파브PC방 2호점,경기 고양시 일산동구 중산로 247,37.694228,126.780412,C,,
일산탄현점,20251114427,2025-11-21,2025-12 ~ 2026-08,1559,패스터PC 일산중산점,경기 고양시 일산동구 중산로 248,37.694025,126.780961,C,,
일산탄현점,20251114427,2025-11-21,2025-12 ~ 2026-08,1572,안드로메다오락실 일산,경기 고양시 일산서구 일산로 549,37.677744,126.766906,C,,
일산탄현점,20251114427,2025-11-21,2025-12 ~ 2026-08,1581,쓰리팝 PC CAFE,경기 고양시 일산서구 일산로 547,37.677693,126.767142,C,,
일산탄현점,20251114427,2025-11-21,2025-12 ~ 2026-08,1633,제우스PC 일산중산점,경기 고양시 일산동구 고양대로 739,37.682875,126.778398,C,,
일산탄현점,20251114427,2025-11-21,2025-12 ~ 2026-08,1636,에이씨디씨 피씨 ACDC PC플러스,경기 고양시 일산서구 대산로 220,37.678796,126.754452,C,,
일산탄현점,20251114427,2025-11-21,2025-12 ~ 2026-08,1680,닉PC,경기 고양시 일산서구 대산로 221,37.678558,126.753972,C,,
일산탄현점,20251114427,2025-11-21,2025-12 ~ 2026-08,1873,와라PC,경기 고양시 일산동구 고양대로 762,37.681926,126.780888,C,,
일산탄현점,20251114427,2025-11-21,2025-12 ~ 2026-08,91,NIC PC방,경기 고양시 일산서구 일현로 42,37.690940,126.762998,-,,
일산탄현점,20251114427,2025-11-21,2025-12 ~ 2026-08,161,아이피씨유,경기 고양시 일산서구 일현로41번길 16,37.691450,126.761719,-,,
일산탄현점,20251114427,2025-11-21,2025-12 ~ 2026-08,172,여우PC 탄현점,경기 고양시 일산서구 산현로17번길 9,37.690094,126.763458,-,,
일산탄현점,20251114427,2025-11-21,2025-12 ~ 2026-08,217,호박게임랜드,경기 고양시 일산서구 일현로 31,37.690162,126.761931,-,,
일산탄현점,20251114427,2025-11-21,2025-12 ~ 2026-08,290,스타덤PC 일산탄현점,경기 고양시 일산서구 산현로 1,37.689363,126.761930,-,,
마산산호점,N011,,,595,제스트피시방,경남 창원시 마산합포구 산호남로 19,35.217121,128.582077,B,,
마산산호점,N011,,,652,스페이스PC방,경남 창원시 마산합포구 용마로 45,35.217889,128.579829,B,,
마산산호점,N011,,,836,욜로PC방 마산양덕점,경남 창원시 마산회원구 율림교로 7,35.229389,128.584077,B,,
마산산호점,N011,,,1151,진피씨방,경남 창원시 마산회원구 3.15대로 636,35.229772,128.576838,C,,
마산산호점,N011,,,1155,국대pc방,경남 창원시 마산회원구 양덕북12길 107,35.232255,128.583797,C,,
마산산호점,N011,,,1192,픽셀PC 양덕점,경남 창원시 마산회원구 양덕로 160,35.232524,128.583097,C,,
마산산호점,N011,,,1214,라이온i PC ZONE,경남 창원시 마산회원구 양덕로 162,35.232701,128.582930,C,,
마산산호점,N011,,,1271,모모PC,경남 창원시 마산회원구 석전남9길 2,35.228785,128.573906,C,,
마산산호점,N011,,,1308,인싸이더PC카페 석전동점,경남 창원시 마산회원구 삼호로 185,35.228926,128.573536,C,,
마산산호점,N011,,,1448,K9PC존,경남 창원시 마산합포구 합포로 120,35.208972,128.582807,C,,
마산산호점,N011,,,1477,스컬스PC방,경남 창원시 마산합포구 합포로 120,35.208712,128.582776,C,,
마산산호점,N011,,,1553,크레마PC방,경남 창원시 마산합포구 북성로 81,35.214459,128.570612,C,,
마산산호점,N011,,,1630,더락PC 합성동점,경남 창원시 마산회원구 합성옛길 104,35.236433,128.582455,C,,
마산산호점,N011,,,1712,볼트PC방 합성점,경남 창원시 마산회원구 양덕북4길 10,35.237173,128.582414,C,,
마산산호점,N011,,,1730,티티PC방,경남 창원시 마산회원구 3.15대로 732,35.237304,128.582140,C,,
마산산호점,N011,,,1738,더맥스PC카페,경남 창원시 마산회원구 합성남로 21-1,35.237559,128.584928,C,,
마산산호점,N011,,,1755,아이센스리그PC 창원합성2호점(직영점),경남 창원시 마산회원구 3.15대로 736,35.237558,128.582375,C,,
마산산호점,N011,,,1792,아이센스리그PC 창원합성본점,경남 창원시 마산회원구 합성남로 8,35.237983,128.583322,C,,
마산산호점,N011,,,1804,골드문PC,경남 창원시 마산합포구 불종거리로 31-1,35.207323,128.576274,C,,
마산산호점,N011,,,1829,맥스피드PC 마산석전점,경남 창원시 마산회원구 석전동16길 50,35.237838,128.579955,C,,
마산산호점,N011,,,1833,자드PC,경남 창원시 마산회원구 합성남로 6,35.238339,128.583100,C,,
마산산호점,N011,,,187,더엑스PC 양덕점,경남 창원시 마산회원구 용마로 130,35.223438,128.585919,-,,
마산산호점,N011,,,206,빅스타PC방,경남 창원시 마산합포구 용마로 90,35.220736,128.583288,-,,
마산산호점,N011,,,407,더 라바 PC방 The LAVA PC방,경남 창원시 마산회원구 양덕동2길 33,35.222929,128.589355,-,,
부경대점,20240621415,2024-06-21,2024-07 ~ 2026-08,580,바비PC카페,부산 남구 용소로64번길 3,35.131521,129.101077,B,,
부경대점,20240621415,2024-06-21,2024-07 ~ 2026-08,602,OXPC 남천역점,부산 수영구 황령대로 491,35.138430,129.107750,B,,
부경대점,20240621415,2024-06-21,2024-07 ~ 2026-08,602,오엑스 OXPC 남천역점,부산 수영구 황령대로 491,35.138430,129.107750,B,,
부경대점,20240621415,2024-06-21,2024-07 ~ 2026-08,666,스푼PC카페 남천점,부산 수영구 황령대로489번길 22,35.138889,129.108294,C,,
부경대점,20240621415,2024-06-21,2024-07 ~ 2026-08,667,피플PC방 부산남천점,부산 수영구 황령대로489번길 22,35.138897,129.108298,C,,
부경대점,20240621415,2024-06-21,2024-07 ~ 2026-08,672,파크밴 남천점,부산 수영구 황령대로489번길 22,35.138913,129.108346,C,,
부경대점,20240621415,2024-06-21,2024-07 ~ 2026-08,804,프렌즈PC방,부산 남구 유엔로157번길 95,35.134504,129.093077,C,,
부경대점,20240621415,2024-06-21,2024-07 ~ 2026-08,1040,OXPC 대연동점,부산 남구 유엔평화로 36,35.131783,129.091782,C,,
부경대점,20240621415,2024-06-21,2024-07 ~ 2026-08,1064,더몽피시 대연점,부산 남구 진남로46번길 23,35.139203,129.090182,C,,
부경대점,20240621415,2024-06-21,2024-07 ~ 2026-08,1201,캣PC카페,부산 남구 석포로 137,35.129444,129.091736,C,,
부경대점,20240621415,2024-06-21,2024-07 ~ 2026-08,1209,와우센스PC방,부산 남구 수영로 200,35.134699,129.088435,C,,
부경대점,20240621415,2024-06-21,2024-07 ~ 2026-08,1260,샹떼PC방 부산대연점,부산 남구 수영로196번길 6,35.134592,129.087897,C,,
부경대점,20240621415,2024-06-21,2024-07 ~ 2026-08,1274,락스타PC카페,부산 남구 용호로 34,35.126485,129.107747,C,,
부경대점,20240621415,2024-06-21,2024-07 ~ 2026-08,1274,플레이피시카페,부산 남구 못골로 47,35.135912,129.087524,C,,
부경대점,20240621415,2024-06-21,2024-07 ~ 2026-08,1299,OXPC 못골점,부산 남구 못골로41번길 6,35.136090,129.087232,C,,
부경대점,20240621415,2024-06-21,2024-07 ~ 2026-08,1430,OXPC 금련산역점,부산 수영구 수영로 465,35.147513,129.110087,C,,
부경대점,20240621415,2024-06-21,2024-07 ~ 2026-08,1430,오엑스피시 금련산역점,부산 수영구 수영로 465,35.147513,129.110087,C,,
부경대점,20240621415,2024-06-21,2024-07 ~ 2026-08,1438,리벨PC,부산 수영구 수영로464번길 18,35.146979,129.111144,C,,
부경대점,20240621415,2024-06-21,2024-07 ~ 2026-08,1491,OXPC 용호동점,부산 남구 용호로 64,35.125610,129.110632,C,,
부경대점,20240621415,2024-06-21,2024-07 ~ 2026-08,1795,OXPC 석포로점,부산 남구 석포로 76,35.124465,129.088636,C,,
부경대점,20240621415,2024-06-21,2024-07 ~ 2026-08,1891,캐슬턴버니하우스 광안점,부산 수영구 광안해변로 165,35.149593,129.115095,C,,
부경대점,20240621415,2024-06-21,2024-07 ~ 2026-08,54,피에스타,부산 남구 용소로13번길 26,35.136665,129.102051,-,,
부경대점,20240621415,2024-06-21,2024-07 ~ 2026-08,67,OXPC 경성대점,부산 남구 용소로13번길 6,35.136212,129.101103,-,,
부경대점,20240621415,2024-06-21,2024-07 ~ 2026-08,106,콤마PC 카페 경성대부경대역점,부산 남구 용소로7번길 33,35.137605,129.101966,-,,
부경대점,20240621415,2024-06-21,2024-07 ~ 2026-08,143,팽피시카페 경성대점,부산 남구 용소로8번길 7,35.136308,129.099985,-,,
부경대점,20240621415,2024-06-21,2024-07 ~ 2026-08,160,아이파크PC방 CS점,부산 남구 용소로8번길 10,35.136515,129.099725,-,,
부경대점,20240621415,2024-06-21,2024-07 ~ 2026-08,168,껨홀pc방,부산 남구 수영로 323,35.138208,129.101009,-,,
부경대점,20240621415,2024-06-21,2024-07 ~ 2026-08,175,어반식스PC방,부산 남구 수영로 304,35.136781,129.099546,-,,
부경대점,20240621415,2024-06-21,2024-07 ~ 2026-08,204,레드포스PC아레나 경성대점,부산 남구 수영로 300,35.136679,129.099226,-,,
부경대점,20240621415,2024-06-21,2024-07 ~ 2026-08,206,크루피시방,부산 남구 수영로325번길 11,35.138565,129.101044,-,,
부경대점,20240621415,2024-06-21,2024-07 ~ 2026-08,327,사이렌PC,부산 남구 용소로40번길 14,35.133961,129.100266,-,,
부경대점,20240621415,2024-06-21,2024-07 ~ 2026-08,355,싸이렌PC존,부산 남구 용소로40번길 13,35.133720,129.100180,-,,
부경대점,20240621415,2024-06-21,2024-07 ~ 2026-08,356,팽피시카페 부산점,부산 남구 수영로 286,35.135950,129.097673,-,,
부경대점,20240621415,2024-06-21,2024-07 ~ 2026-08,364,크크피시방,부산 남구 용소로 42-1,35.133503,129.100781,-,,
부경대점,20240621415,2024-06-21,2024-07 ~ 2026-08,365,그린존PC방,부산 남구 용소로 42-1,35.133485,129.100865,-,,
부경대점,20240621415,2024-06-21,2024-07 ~ 2026-08,404,국대PC,부산 남구 수영로 274-17,35.135381,129.097351,-,,
부경대점,20240621415,2024-06-21,2024-07 ~ 2026-08,474,NUPC방 부경대점,부산 남구 용소로 54,35.132496,129.100864,-,,
시흥은계점,20231023405,2023-10-23,2023-11 ~ 2026-08,850,하이텐션PC카페 시흥은행점,경기 시흥시 은행로149번길 18,37.443975,126.797758,B,,
시흥은계점,20231023405,2023-10-23,2023-11 ~ 2026-08,858,레벨업PC방 은행점,경기 시흥시 은행로155번길 5,37.444511,126.798921,B,,
시흥은계점,20231023405,2023-10-23,2023-11 ~ 2026-08,891,제로백 시흥은행점,경기 시흥시 대은로 80,37.444243,126.797401,B,,
시흥은계점,20231023405,2023-10-23,2023-11 ~ 2026-08,1031,아이쿡피씨앤카페,경기 시흥시 시흥대로 1121,37.435577,126.791145,C,,
시흥은계점,20231023405,2023-10-23,2023-11 ~ 2026-08,1061,해피로PC방 시흥대야점,경기 시흥시 비둘기공원7길 45,37.442036,126.792126,C,,
시흥은계점,20231023405,2023-10-23,2023-11 ~ 2026-08,1079,피에스타PC방 시흥대야점,경기 시흥시 비둘기공원7길 33,37.443180,126.792818,C,,
시흥은계점,20231023405,2023-10-23,2023-11 ~ 2026-08,1104,아이센스리그PC 시흥대야점,경기 시흥시 비둘기공원7길 54,37.441653,126.791327,C,,
시흥은계점,20231023405,2023-10-23,2023-11 ~ 2026-08,1177,픽토리,경기 시흥시 비둘기공원6길 16,37.442463,126.790924,C,,
시흥은계점,20231023405,2023-10-23,2023-11 ~ 2026-08,1224,드래곤pc,경기 시흥시 비둘기공원5길 7,37.443117,126.790795,C,,
시흥은계점,20231023405,2023-10-23,2023-11 ~ 2026-08,1261,보라카이,경기 시흥시 비둘기공원5길 16,37.442812,126.790078,C,,
시흥은계점,20231023405,2023-10-23,2023-11 ~ 2026-08,1261,로그PC,경기 시흥시 비둘기공원5길 16,37.442807,126.790076,C,,
시흥은계점,20231023405,2023-10-23,2023-11 ~ 2026-08,1480,PC토랑 시흥본점,경기 시흥시 신천로 81,37.437505,126.785854,C,,
시흥은계점,20231023405,2023-10-23,2023-11 ~ 2026-08,1482,탐스PC,경기 시흥시 신천로 95,37.438994,126.785958,C,,
시흥은계점,20231023405,2023-10-23,2023-11 ~ 2026-08,1556,킹덤PC방,경기 시흥시 복지로120번길 4,37.449064,126.792904,C,,
시흥은계점,20231023405,2023-10-23,2023-11 ~ 2026-08,1556,제로백PC 시흥대야역점,경기 시흥시 복지로120번길 4,37.449066,126.792907,C,,
시흥은계점,20231023405,2023-10-23,2023-11 ~ 2026-08,1689,레벨업PC방 시흥점,경기 시흥시 삼미시장1길 19,37.440593,126.783935,C,,
시흥은계점,20231023405,2023-10-23,2023-11 ~ 2026-08,1689,빠삐용PC방,경기 시흥시 삼미시장1길 19,37.440593,126.783935,C,,
시흥은계점,20231023405,2023-10-23,2023-11 ~ 2026-08,1753,킹스타PC방,경기 시흥시 삼미시장2길 30,37.440493,126.783161,C,,
시흥은계점,20231023405,2023-10-23,2023-11 ~ 2026-08,1767,아이센스리그PC방 삼미시장점,경기 시흥시 수인로3381번길 27,37.438891,126.782706,C,,
시흥은계점,20231023405,2023-10-23,2023-11 ~ 2026-08,1854,네티즌 신천점,경기 시흥시 신천3길 40-1,37.438795,126.781703,C,,
시흥은계점,20231023405,2023-10-23,2023-11 ~ 2026-08,1886,NU PC 신천점,경기 시흥시 신천3길 46,37.438827,126.781345,C,,
시흥은계점,20231023405,2023-10-23,2023-11 ~ 2026-08,85,망고팡,경기 시흥시 은계번영길 9,37.437471,126.801635,-,,
시흥은계점,20231023405,2023-10-23,2023-11 ~ 2026-08,88,라이또PC방 시흥은계점,경기 시흥시 은계번영길 40,37.436554,126.802545,-,,
시흥은계점,20231023405,2023-10-23,2023-11 ~ 2026-08,138,스타파이브(시흥은행점),경기 시흥시 은계번영길 25,37.436776,126.803973,-,,
시흥정왕점,20240517411,2024-05-17,2024-06 ~ 2026-08,554,좋은날피시방 정왕점,경기 시흥시 정왕대로233번길 28-1,37.347225,126.741537,B,,
시흥정왕점,20240517411,2024-05-17,2024-06 ~ 2026-08,825,뉴캐슬 피시방,경기 시흥시 봉우재로61번길 29,37.349197,126.743562,B,,
시흥정왕점,20240517411,2024-05-17,2024-06 ~ 2026-08,892,본피씨방,경기 시흥시 역전로 304,37.352467,126.738923,B,,
시흥정왕점,20240517411,2024-05-17,2024-06 ~ 2026-08,986,게임존,경기 시흥시 희망공원로 269,37.345317,126.724995,C,,
시흥정왕점,20240517411,2024-05-17,2024-06 ~ 2026-08,1003,올스타zPC방,경기 시흥시 봉우재로 65,37.348362,126.746487,C,,
시흥정왕점,20240517411,2024-05-17,2024-06 ~ 2026-08,1015,플러스PC,경기 시흥시 오동마을로6번길 17,37.352146,126.742842,C,,
시흥정왕점,20240517411,2024-05-17,2024-06 ~ 2026-08,1046,콜로세움플러스PC방,경기 시흥시 오동마을로6번안길 12,37.352245,126.743258,C,,
시흥정왕점,20240517411,2024-05-17,2024-06 ~ 2026-08,1082,샹떼PC 정왕점,경기 시흥시 오동마을로 14,37.352703,126.743170,C,,
시흥정왕점,20240517411,2024-05-17,2024-06 ~ 2026-08,1084,락시대PC,경기 시흥시 정왕천로411번길 44,37.346791,126.748073,C,,
시흥정왕점,20240517411,2024-05-17,2024-06 ~ 2026-08,1116,프렌즈피씨방,경기 시흥시 정왕천로411번길 40,37.346548,126.748505,C,,
시흥정왕점,20240517411,2024-05-17,2024-06 ~ 2026-08,1118,성지PC,경기 시흥시 정왕천로411번길 40,37.346527,126.748530,C,,
시흥정왕점,20240517411,2024-05-17,2024-06 ~ 2026-08,1119,빈야드랩,경기 시흥시 오동마을로 28,37.352212,126.744602,C,,
시흥정왕점,20240517411,2024-05-17,2024-06 ~ 2026-08,1168,푸른별 귀큰여우PC방,경기 시흥시 정왕천로 361,37.340864,126.748366,C,,
시흥정왕점,20240517411,2024-05-17,2024-06 ~ 2026-08,1232,붕우PC카페 정왕2호점,경기 시흥시 군서로24번길 10-1,37.345381,126.749993,C,,
시흥정왕점,20240517411,2024-05-17,2024-06 ~ 2026-08,1438,와우팡팡,경기 시흥시 옥구상가2길 9,37.353342,126.723955,C,,
시흥정왕점,20240517411,2024-05-17,2024-06 ~ 2026-08,1479,에스투존피시방,경기 시흥시 옥구천동로 401,37.357086,126.729812,C,,
시흥정왕점,20240517411,2024-05-17,2024-06 ~ 2026-08,1487,탐스PC,경기 시흥시 평안상가3길 16,37.336648,126.749486,C,,
시흥정왕점,20240517411,2024-05-17,2024-06 ~ 2026-08,1572,이에프씨 피씨 카페EFC PC CAFE,경기 시흥시 옥구상가1길 9,37.353892,126.722551,C,,
시흥정왕점,20240517411,2024-05-17,2024-06 ~ 2026-08,1583,초콜릿PC방,경기 시흥시 정왕천로 436,37.346011,126.753901,C,,
시흥정왕점,20240517411,2024-05-17,2024-06 ~ 2026-08,1588,비타민PC방,경기 시흥시 옥구상가1길 23,37.353171,126.721619,C,,
시흥정왕점,20240517411,2024-05-17,2024-06 ~ 2026-08,1588,듀오(DUO)PC방,경기 시흥시 옥구상가3길 25,37.354167,126.722610,C,,
시흥정왕점,20240517411,2024-05-17,2024-06 ~ 2026-08,42,보보스PC존 5호점,경기 시흥시 중심상가3길 22,37.344402,126.735901,-,,
시흥정왕점,20240517411,2024-05-17,2024-06 ~ 2026-08,55,보보스PC 3호점,경기 시흥시 중심상가로 193,37.344367,126.736524,-,,
시흥정왕점,20240517411,2024-05-17,2024-06 ~ 2026-08,62,보보스피씨존 본점,경기 시흥시 중심상가2길 12-6,37.345299,126.736253,-,,
시흥정왕점,20240517411,2024-05-17,2024-06 ~ 2026-08,69,링크 PC카페,경기 시흥시 중심상가로 192,37.344130,126.736278,-,,
시흥정왕점,20240517411,2024-05-17,2024-06 ~ 2026-08,137,보보스PC존 1호점,경기 시흥시 중심상가로 201-9,37.344466,126.737624,-,,
시흥정왕점,20240517411,2024-05-17,2024-06 ~ 2026-08,290,킹게임랜드,경기 시흥시 중심상가로 160,37.345882,126.733151,-,,
시흥정왕점,20240517411,2024-05-17,2024-06 ~ 2026-08,387,인터넷파워피시방,경기 시흥시 정왕대로233번길 10,37.345878,126.740237,-,,
시흥정왕점,20240517411,2024-05-17,2024-06 ~ 2026-08,422,스타덤PC 시흥정왕점,경기 시흥시 중심상가로 146,37.346734,126.732044,-,,
구리돌다리점,N015,,,504,럭키PC,경기 구리시 건원대로34번길 9,37.604378,127.140853,B,,
구리돌다리점,N015,,,537,엔투피씨(N2PC),경기 구리시 건원대로 42,37.604829,127.140360,B,,
구리돌다리점,N015,,,567,레벨업PC방 수택점,경기 구리시 검배로48번길 18,37.596784,127.143439,B,,
구리돌다리점,N015,,,569,긱스타PC,경기 구리시 검배로48번길 18,37.596762,127.143453,C,,
구리돌다리점,N015,,,627,새와동물게임장,경기 구리시 검배로 54,37.596948,127.144476,C,,
구리돌다리점,N015,,,665,라인PC방(LINE PC),경기 구리시 건원대로 57,37.606165,127.139244,C,,
구리돌다리점,N015,,,671,일프로아레나 구리점,경기 구리시 검배로 55,37.597138,127.145214,C,,
구리돌다리점,N015,,,672,온잇 PC아레나 구리점,경기 구리시 검배로 55,37.597145,127.145236,C,,
구리돌다리점,N015,,,722,보물섬,경기 구리시 안골로8번길 8-3,37.596685,127.131755,C,,
구리돌다리점,N015,,,767,코지PC방,경기 구리시 검배로 65,37.596467,127.145970,C,,
구리돌다리점,N015,,,801,몬스터피씨 MONSTER PC,경기 구리시 원수택로 8,37.593008,127.139595,C,,
구리돌다리점,N015,,,804,라임PC 수택직영점,경기 구리시 원수택로 8,37.592966,127.139415,C,,
구리돌다리점,N015,,,889,더PC 구리수택동점,경기 구리시 이문안로 62,37.592174,127.138356,C,,
구리돌다리점,N015,,,892,찐막PC,경기 구리시 이문안로 62,37.592151,127.138357,C,,
구리돌다리점,N015,,,899,더캠프PC방,경기 구리시 이문안로 72,37.592104,127.139328,C,,
구리돌다리점,N015,,,900,PC플러스클럽,경기 구리시 이문안로 72,37.592092,127.139389,C,,
구리돌다리점,N015,,,925,구리PC,경기 구리시 체육관로80번길 27,37.591887,127.139656,C,,
구리돌다리점,N015,,,987,레벨업PC 교문점,경기 구리시 이문안로 32,37.591832,127.134811,C,,
구리돌다리점,N015,,,987,여기PC,경기 구리시 이문안로 32,37.591832,127.134811,C,,
구리돌다리점,N015,,,1071,레벨업PC방 인창점,경기 구리시 동구릉로53번길 79,37.608164,127.131812,C,,
구리돌다리점,N015,,,1077,미르PC방,경기 구리시 동구릉로 120,37.609802,127.136944,C,,
구리돌다리점,N015,,,1758,맥스존 도농점,경기 남양주시 도농로 7,37.606573,127.156879,C,,
구리돌다리점,N015,,,1759,피씨로그(구플레잇) PC방 도농점,경기 남양주시 도농로 7,37.606594,127.156875,C,,
구리돌다리점,N015,,,1796,엑스탑,경기 남양주시 다산순환로 20,37.612586,127.151716,C,,
구리돌다리점,N015,,,1836,플존,경기 남양주시 가운로 2,37.605960,127.158141,C,,
구리돌다리점,N015,,,69,진주게임랜드,경기 구리시 안골로63번길 42-7,37.599562,127.138674,-,,
구리돌다리점,N015,,,155,녹스피씨방 구리돌다리점,경기 구리시 경춘로 223,37.600896,127.140167,-,,
구리돌다리점,N015,,,227,G1피시방,경기 구리시 검배로 4,37.600476,127.141203,-,,
구리돌다리점,N015,,,235,지원오티티스크린허브,경기 구리시 검배로 4,37.600459,127.141295,-,,
구리돌다리점,N015,,,448,레드포스PC아레나 구리역점,경기 구리시 경춘로 253,37.602230,127.143029,-,,
구리돌다리점,N015,,,498,제로백 구리역점,경기 구리시 건원대로 36,37.604431,127.140489,-,,
울산삼산점,N005,,,520,사이버킹PC방,울산 남구 꽃대나리로 39,35.533847,129.334208,B,,
울산삼산점,N005,,,561,오렌지PC,울산 남구 왕생로 69,35.539605,129.330583,B,,
울산삼산점,N005,,,614,초승달PC,울산 남구 왕생로 81,35.540499,129.330381,B,,
울산삼산점,N005,,,627,살롱PC,울산 남구 달삼로 12,35.535204,129.330606,C,,
울산삼산점,N005,,,728,앤유pc,울산 남구 달삼로 4,35.535023,129.329443,C,,
울산삼산점,N005,,,747,더레드피씨,울산 남구 삼산중로128번길 2,35.544853,129.335877,C,,
울산삼산점,N005,,,795,은이네PC,울산 남구 번영로 111,35.535247,129.328493,C,,
울산삼산점,N005,,,805,라인PC,울산 남구 번영로 111,35.535203,129.328388,C,,
울산삼산점,N005,,,970,핵스 PC카페 태화강역점,울산 남구 남중로 43,35.538244,129.347208,C,,
울산삼산점,N005,,,1076,탑피씨방(TOP PC),울산 남구 정동로118번길 12,35.544049,129.345922,C,,
울산삼산점,N005,,,1096,슈퍼맨PC,울산 남구 돋질로 384,35.543302,129.346808,C,,
울산삼산점,N005,,,1145,샹떼PC방 울산야음동점,울산 남구 번영로 36,35.528921,129.330829,C,,
울산삼산점,N005,,,1284,NLH 스타디움,울산 남구 남중로 119,35.544971,129.347943,C,,
울산삼산점,N005,,,1311,레벨업PC방 울산달동점,울산 남구 삼산로 136,35.535798,129.322340,C,,
울산삼산점,N005,,,1359,스펀지PC,울산 남구 번영로246번길 22,35.547558,129.326940,C,,
울산삼산점,N005,,,1366,레드포스PC아레나 울산달동점,울산 남구 신정로 39,35.535375,129.321841,C,,
울산삼산점,N005,,,1412,제닉스아레나pc존,울산 남구 신정로37번길 7,35.534995,129.321428,C,,
울산삼산점,N005,,,1541,아레나XPC방,울산 남구 수암로 220,35.525253,129.330177,C,,
울산삼산점,N005,,,1790,스타덤PC 울산신정점,울산 남구 수암로 121,35.528302,129.320869,C,,
울산삼산점,N005,,,1844,골드PC방,울산 남구 수암로 109,35.528852,129.319655,C,,
울산삼산점,N005,,,1874,스카이PC,울산 중구 옥교12길 81,35.554653,129.332182,C,,
울산삼산점,N005,,,1885,아이센스리그PC방 울산수암시장점,울산 남구 수암로 114,35.528256,129.319611,C,,
울산삼산점,N005,,,1893,이음PC,울산 중구 옥교3길 48,35.553622,129.327747,C,,
울산삼산점,N005,,,1960,아이보스PC방,울산 중구 화합로 327,35.555438,129.340837,C,,
울산삼산점,N005,,,1974,비버PC방,울산 중구 구교로 52,35.555086,129.329904,C,,
울산삼산점,N005,,,43,레벨업PC방 울산삼산점,울산 남구 달삼로75번길 13,35.537878,129.336872,-,,
울산삼산점,N005,,,96,쓰리팝피씨 카페3POP PC CAFE,울산 남구 삼산중로 49,35.537918,129.335486,-,,
울산삼산점,N005,,,185,테라스PC,울산 남구 왕생로36번길 22-1,35.537066,129.334946,-,,
울산삼산점,N005,,,222,레드포스PC아레나 삼산점,울산 남구 삼산중로74번길 6,35.540136,129.336308,-,,
울산삼산점,N005,,,283,탑스타PC 울산삼산점,울산 남구 삼산중로74번길 22,35.540422,129.337918,-,,
울산삼산점,N005,,,288,슈퍼스타PC방,울산 남구 달삼로 47,35.536249,129.334332,-,,
울산삼산점,N005,,,306,피에스타스토리 PC CAFE,울산 남구 삼산중로74번길 28,35.540444,129.338378,-,,
울산삼산점,N005,,,447,OX파크 달동점,울산 남구 왕생로 28,35.535952,129.332365,-,,
울산삼산점,N005,,,469,꽃PC,울산 남구 왕생로 35,35.536644,129.331675,-,,
수원망포점,20240517412,2024-05-17,2024-06 ~ 2026-08,521,갤럭시아레나 수원점,경기 수원시 영통구 덕영대로 1566,37.245385,127.061926,B,,
수원망포점,20240517412,2024-05-17,2024-06 ~ 2026-08,554,레드포스PC아레나,경기 화성시 병점구 영통로 74,37.236508,127.061108,B,,
수원망포점,20240517412,2024-05-17,2024-06 ~ 2026-08,560,와우PC방,경기 수원시 영통구 덕영대로 1539,37.246302,127.059254,B,,
수원망포점,20240517412,2024-05-17,2024-06 ~ 2026-08,560,아이비스PC방 수원영통점,경기 수원시 영통구 덕영대로 1539,37.246302,127.059254,C,,
수원망포점,20240517412,2024-05-17,2024-06 ~ 2026-08,613,도시PC카페 망포역점,경기 수원시 영통구 영통로214번길 55,37.246699,127.060327,C,,
수원망포점,20240517412,2024-05-17,2024-06 ~ 2026-08,720,뉴헥존PC,경기 화성시 병점구 영통로 59,37.235052,127.061539,C,,
수원망포점,20240517412,2024-05-17,2024-06 ~ 2026-08,720,스타덤PC 반월점,경기 화성시 병점구 영통로 59,37.235131,127.061859,C,,
수원망포점,20240517412,2024-05-17,2024-06 ~ 2026-08,1299,바이킹PC,경기 용인시 기흥구 서천로 121,37.237201,127.072879,C,,
수원망포점,20240517412,2024-05-17,2024-06 ~ 2026-08,1436,크라우드PC 수원신동점,경기 수원시 영통구 권선로908번길 63,37.246100,127.044126,C,,
수원망포점,20240517412,2024-05-17,2024-06 ~ 2026-08,1500,오아시스PC,경기 용인시 기흥구 서천로172번길 42,37.230427,127.069271,C,,
수원망포점,20240517412,2024-05-17,2024-06 ~ 2026-08,1678,테라PC방,경기 용인시 기흥구 서그내로15번길 34,37.246610,127.076825,C,,
수원망포점,20240517412,2024-05-17,2024-06 ~ 2026-08,1694,케이스타PC,경기 용인시 기흥구 서그내로15번길 33,37.246847,127.076904,C,,
수원망포점,20240517412,2024-05-17,2024-06 ~ 2026-08,1813,아크로폴리스,경기 수원시 영통구 청명남로 21,37.252071,127.074448,C,,
수원망포점,20240517412,2024-05-17,2024-06 ~ 2026-08,1814,피시온티브이존,경기 수원시 영통구 청명남로 21,37.252089,127.074448,C,,
수원망포점,20240517412,2024-05-17,2024-06 ~ 2026-08,1822,제로백PC 영통점,경기 수원시 영통구 반달로 21,37.251632,127.075044,C,,
수원망포점,20240517412,2024-05-17,2024-06 ~ 2026-08,1844,플레이PC존,경기 수원시 영통구 청명남로 25,37.252222,127.074745,C,,
수원망포점,20240517412,2024-05-17,2024-06 ~ 2026-08,1845,아이센스리그PC방 수원경희대점,경기 수원시 영통구 덕영대로 1707,37.247971,127.078163,C,,
수원망포점,20240517412,2024-05-17,2024-06 ~ 2026-08,1857,레드포스PC아레나 영통점,경기 수원시 영통구 청명남로 25,37.252411,127.074733,C,,
수원망포점,20240517412,2024-05-17,2024-06 ~ 2026-08,1862,메가오락실,경기 수원시 영통구 청명남로 25,37.252436,127.074775,C,,
수원망포점,20240517412,2024-05-17,2024-06 ~ 2026-08,1869,프라임PC방,경기 수원시 영통구 덕영대로 1709,37.247988,127.078440,C,,
수원망포점,20240517412,2024-05-17,2024-06 ~ 2026-08,1905,와우PC카페,경기 수원시 영통구 영일로6번길 54,37.247956,127.078896,C,,
수원망포점,20240517412,2024-05-17,2024-06 ~ 2026-08,1907,맥스스피드PC,경기 수원시 영통구 매영로 432,37.248510,127.078620,C,,
수원망포점,20240517412,2024-05-17,2024-06 ~ 2026-08,1907,아이센스블랙라벨PC존 수원경희대2호점,경기 수원시 영통구 영일로6번길 54,37.247994,127.078911,C,,
수원망포점,20240517412,2024-05-17,2024-06 ~ 2026-08,1914,토니PC,경기 수원시 영통구 청명로 7,37.248323,127.078809,C,,
수원망포점,20240517412,2024-05-17,2024-06 ~ 2026-08,1934,온잇 PC아레나 영통점,경기 수원시 영통구 청명남로 31,37.252951,127.075296,C,,
수원망포점,20240517412,2024-05-17,2024-06 ~ 2026-08,1966,하이롤러 영통중앙점,경기 수원시 영통구 청명남로34번길 3,37.252773,127.075962,C,,
수원망포점,20240517412,2024-05-17,2024-06 ~ 2026-08,338,PC토랑 망포점,경기 수원시 영통구 영통로90번길 20-11,37.238336,127.060271,-,,
수원망포점,20240517412,2024-05-17,2024-06 ~ 2026-08,391,골뱅이pc방,경기 수원시 영통구 영통로90번길 4-9,37.237803,127.060085,-,,
수원망포점,20240517412,2024-05-17,2024-06 ~ 2026-08,404,제로백PC 수원망포점,경기 수원시 영통구 영통로90번길 12,37.237650,127.059890,-,,
광주각화점,20241108419,2024-11-08,2024-11 ~ 2026-08,624,아이컨츄리PC존,전남광주통합특별시 북구 동문대로 189,35.179218,126.929265,B,,
광주각화점,20241108419,2024-11-08,2024-11 ~ 2026-08,692,아이리스PC카페 문흥점,전남광주통합특별시 북구 평교로 40-1,35.180716,126.925616,B,,
광주각화점,20241108419,2024-11-08,2024-11 ~ 2026-08,708,스터디PC,전남광주통합특별시 북구 군왕로 206,35.179052,126.935773,B,,
광주각화점,20241108419,2024-11-08,2024-11 ~ 2026-08,728,더PC존,전남광주통합특별시 북구 군왕로 198,35.178569,126.935165,C,,
광주각화점,20241108419,2024-11-08,2024-11 ~ 2026-08,735,아이맥스PC방,전남광주통합특별시 북구 군왕로 198,35.178468,126.935088,C,,
광주각화점,20241108419,2024-11-08,2024-11 ~ 2026-08,859,희망PC방,전남광주통합특별시 북구 동문대로167번길 27,35.177781,126.926948,C,,
광주각화점,20241108419,2024-11-08,2024-11 ~ 2026-08,879,아이센스리그PC방 광주문흥점,전남광주통합특별시 북구 문산로 43-9,35.185965,126.922201,C,,
광주각화점,20241108419,2024-11-08,2024-11 ~ 2026-08,893,봉봉펀삽,전남광주통합특별시 북구 문산로 43-11,35.186042,126.922065,C,,
광주각화점,20241108419,2024-11-08,2024-11 ~ 2026-08,994,케이원피씨,전남광주통합특별시 북구 서하로 369,35.186278,126.920984,C,,
광주각화점,20241108419,2024-11-08,2024-11 ~ 2026-08,1000,마린PC,전남광주통합특별시 북구 대천로 138,35.186659,126.921023,C,,
광주각화점,20241108419,2024-11-08,2024-11 ~ 2026-08,1089,퍼펙트PC방,전남광주통합특별시 북구 월동로 37,35.175032,126.934946,C,,
광주각화점,20241108419,2024-11-08,2024-11 ~ 2026-08,1125,두암게임랜드,전남광주통합특별시 북구 면앙로156번길 36,35.174944,126.927481,C,,
광주각화점,20241108419,2024-11-08,2024-11 ~ 2026-08,1334,라붐PC,전남광주통합특별시 북구 동문대로 118,35.173446,126.925856,C,,
광주각화점,20241108419,2024-11-08,2024-11 ~ 2026-08,1432,세븐PC존,전남광주통합특별시 북구 삼정로 134-2,35.171771,126.934474,C,,
광주각화점,20241108419,2024-11-08,2024-11 ~ 2026-08,1433,그르르 PC카페,전남광주통합특별시 북구 호동로 70,35.177754,126.918246,C,,
광주각화점,20241108419,2024-11-08,2024-11 ~ 2026-08,1435,소나무피씨클럽,전남광주통합특별시 북구 호동로 70,35.177756,126.918217,C,,
광주각화점,20241108419,2024-11-08,2024-11 ~ 2026-08,1443,청담PC,전남광주통합특별시 북구 삼정로 122,35.171741,126.934876,C,,
광주각화점,20241108419,2024-11-08,2024-11 ~ 2026-08,1482,힐링PC카페,전남광주통합특별시 북구 서방로107번길 39,35.172256,126.925129,C,,
광주각화점,20241108419,2024-11-08,2024-11 ~ 2026-08,1530,지구성인게임랜드,전남광주통합특별시 북구 서방로107번길 29,35.171882,126.924836,C,,
광주각화점,20241108419,2024-11-08,2024-11 ~ 2026-08,1761,볼트9PC카페,전남광주통합특별시 북구 우치로100번길 41,35.176772,126.914775,C,,
광주각화점,20241108419,2024-11-08,2024-11 ~ 2026-08,1871,베니 PC Place,전남광주통합특별시 북구 우치로100번길 24,35.176225,126.913770,C,,
광주각화점,20241108419,2024-11-08,2024-11 ~ 2026-08,1873,탑독PC,전남광주통합특별시 북구 우치로 128,35.178830,126.912307,C,,
광주각화점,20241108419,2024-11-08,2024-11 ~ 2026-08,1873,블랑PC,전남광주통합특별시 북구 우치로 128,35.178830,126.912307,C,,
광주각화점,20241108419,2024-11-08,2024-11 ~ 2026-08,1897,뽑기명당,전남광주통합특별시 북구 우치로90번길 21,35.175649,126.913850,C,,
광주각화점,20241108419,2024-11-08,2024-11 ~ 2026-08,1963,액티브게임파크 광주전남대점,전남광주통합특별시 북구 우치로 98-1,35.176217,126.912627,C,,
광주각화점,20241108419,2024-11-08,2024-11 ~ 2026-08,1968,레오PC방,전남광주통합특별시 북구 우치로90번길 8-3,35.175324,126.913179,C,,
광주각화점,20241108419,2024-11-08,2024-11 ~ 2026-08,1970,제스트 (Zest) PC,전남광주통합특별시 북구 우치로90번길 5,35.175591,126.912955,C,,
안산선부점,20230707397,2023-07-07,2023-07 ~ 2026-08,738,피스트 피시방,경기 안산시 단원구 석수로 66,37.342417,126.808073,B,,
안산선부점,20230707397,2023-07-07,2023-07 ~ 2026-08,742,웹시티pc방 선부점,경기 안산시 단원구 선부로 185,37.341972,126.815699,B,,
안산선부점,20230707397,2023-07-07,2023-07 ~ 2026-08,758,아이탐스PC방 선부본점,경기 안산시 단원구 선부로 191,37.341854,126.816232,B,,
안산선부점,20230707397,2023-07-07,2023-07 ~ 2026-08,766,이비스PC방,경기 안산시 단원구 석수로4길 15,37.341767,126.806025,C,,
안산선부점,20230707397,2023-07-07,2023-07 ~ 2026-08,802,갤러리PC방,경기 안산시 단원구 선부로 199,37.341823,126.817103,C,,
안산선부점,20230707397,2023-07-07,2023-07 ~ 2026-08,804,폰조이PC방,경기 안산시 단원구 화정천서로2길 13,37.342315,126.816321,C,,
안산선부점,20230707397,2023-07-07,2023-07 ~ 2026-08,1032,탐스PC 선부점,경기 안산시 단원구 선이로 20,37.342682,126.802822,C,,
안산선부점,20230707397,2023-07-07,2023-07 ~ 2026-08,1105,스토리PC랩 와동체육공원1호점,경기 안산시 단원구 와동공원로 121,37.342402,126.821133,C,,
안산선부점,20230707397,2023-07-07,2023-07 ~ 2026-08,1155,사이버카페PC방 와동점,경기 안산시 단원구 와동공원로 126,37.342705,126.821543,C,,
안산선부점,20230707397,2023-07-07,2023-07 ~ 2026-08,1165,스토리PC방,경기 안산시 단원구 선부로 247-1,37.341528,126.822674,C,,
안산선부점,20230707397,2023-07-07,2023-07 ~ 2026-08,1196,아이디PC방,경기 안산시 단원구 와동1로 23,37.334170,126.824524,C,,
안산선부점,20230707397,2023-07-07,2023-07 ~ 2026-08,1217,레드PC방 안산와동점,경기 안산시 단원구 와동공원로 136,37.343520,126.821609,C,,
안산선부점,20230707397,2023-07-07,2023-07 ~ 2026-08,1236,조이창작갤러리,경기 안산시 단원구 선부로 260,37.341168,126.823823,C,,
안산선부점,20230707397,2023-07-07,2023-07 ~ 2026-08,1356,짱PC방 와동점,경기 안산시 단원구 와동공원로 154,37.345209,126.821731,C,,
안산선부점,20230707397,2023-07-07,2023-07 ~ 2026-08,1389,레벨업PC방 원곡점,경기 안산시 단원구 라성로 36,37.327191,126.800503,C,,
안산선부점,20230707397,2023-07-07,2023-07 ~ 2026-08,1389,노블존PC방 원곡점,경기 안산시 단원구 라성로 36,37.327195,126.800494,C,,
안산선부점,20230707397,2023-07-07,2023-07 ~ 2026-08,1398,아이센스리그PC방 원곡점,경기 안산시 단원구 라성로 43,37.327346,126.800153,C,,
안산선부점,20230707397,2023-07-07,2023-07 ~ 2026-08,1400,스토리PC랩 와동체육공원 3호점,경기 안산시 단원구 와동공원로 161,37.345974,126.821404,C,,
안산선부점,20230707397,2023-07-07,2023-07 ~ 2026-08,1428,아이센스리그PC 안산와동점,경기 안산시 단원구 와동공원로 162,37.345957,126.821923,C,,
안산선부점,20230707397,2023-07-07,2023-07 ~ 2026-08,1496,뉴캐슬PC죤,경기 안산시 단원구 선부로 286,37.341466,126.826868,C,,
안산선부점,20230707397,2023-07-07,2023-07 ~ 2026-08,1558,하늘다리PC방,경기 안산시 단원구 지곡로 122-1,37.339941,126.794302,C,,
안산선부점,20230707397,2023-07-07,2023-07 ~ 2026-08,1596,사이버캡틴PC존,경기 안산시 단원구 와동로 47,37.334719,126.829190,C,,
안산선부점,20230707397,2023-07-07,2023-07 ~ 2026-08,1623,블레스PC방,경기 안산시 단원구 와동로 48,37.334453,126.829457,C,,
안산선부점,20230707397,2023-07-07,2023-07 ~ 2026-08,1723,금리래PC방,경기 안산시 단원구 원곡로 41,37.330952,126.793019,C,,
안산선부점,20230707397,2023-07-07,2023-07 ~ 2026-08,1756,에스PC,경기 안산시 단원구 부부로1길 24,37.330881,126.792653,C,,
안산선부점,20230707397,2023-07-07,2023-07 ~ 2026-08,1781,금이래망파PC방,경기 안산시 단원구 원본로 26,37.330397,126.792587,C,,
안산선부점,20230707397,2023-07-07,2023-07 ~ 2026-08,1880,사이버PC방,경기 안산시 단원구 다문화길 31,37.330831,126.791191,C,,
안산선부점,20230707397,2023-07-07,2023-07 ~ 2026-08,1926,KYSH,경기 안산시 단원구 다문화2길 26,37.330334,126.790856,C,,
안산선부점,20230707397,2023-07-07,2023-07 ~ 2026-08,34,골드PC,경기 안산시 단원구 선부광장1로 66,37.336107,126.811608,-,,
안산선부점,20230707397,2023-07-07,2023-07 ~ 2026-08,69,제로백pc방 안산선부점,경기 안산시 단원구 선부광장1로 70,37.335942,126.811940,-,,
안산선부점,20230707397,2023-07-07,2023-07 ~ 2026-08,75,앤유PC 안산본점,경기 안산시 단원구 선부광장로 27,37.336060,126.810480,-,,
안산선부점,20230707397,2023-07-07,2023-07 ~ 2026-08,171,짱PC 선부점,경기 안산시 단원구 선부광장1로 84,37.335253,126.812727,-,,
안산선부점,20230707397,2023-07-07,2023-07 ~ 2026-08,178,짱피 헤라PC방,경기 안산시 단원구 선부광장1로 84,37.335257,126.812838,-,,
안산선부점,20230707397,2023-07-07,2023-07 ~ 2026-08,202,놀토PC방,경기 안산시 단원구 선부광장로 17,37.335997,126.809026,-,,
안산선부점,20230707397,2023-07-07,2023-07 ~ 2026-08,354,피씨채널 PC방,경기 안산시 단원구 선부광장1로 108,37.333252,126.812556,-,,
안산선부점,20230707397,2023-07-07,2023-07 ~ 2026-08,357,올스타즈PC방,경기 안산시 단원구 선부광장1로 14,37.335864,126.807287,-,,
안산선부점,20230707397,2023-07-07,2023-07 ~ 2026-08,357,월드게임장,경기 안산시 단원구 선부광장1로 14,37.335863,126.807288,-,,
청주지웰시티점,20230915402,2023-09-15,2023-10 ~ 2026-08,727,맥스PC,충북 청주시 흥덕구 대신로 4,36.633262,127.436318,B,,
청주지웰시티점,20230915402,2023-09-15,2023-10 ~ 2026-08,1060,체크인체크PC,충북 청주시 흥덕구 2순환로 1060,36.640032,127.421852,B,,
청주지웰시티점,20230915402,2023-09-15,2023-10 ~ 2026-08,1072,캐치캐치,충북 청주시 흥덕구 2순환로1050번길 8-2,36.641270,127.421908,B,,
청주지웰시티점,20230915402,2023-09-15,2023-10 ~ 2026-08,1091,레드PC,충북 청주시 흥덕구 짐대로72번길 41,36.630948,127.427579,C,,
청주지웰시티점,20230915402,2023-09-15,2023-10 ~ 2026-08,1203,캠프VR 청주점,충북 청주시 흥덕구 비하로42번길 8,36.630985,127.425279,C,,
청주지웰시티점,20230915402,2023-09-15,2023-10 ~ 2026-08,1234,보드카페정PC,충북 청주시 흥덕구 풍년로180번길 16,36.628374,127.432569,C,,
청주지웰시티점,20230915402,2023-09-15,2023-10 ~ 2026-08,1378,샵PC방,충북 청주시 흥덕구 가경로 140,36.627476,127.437730,C,,
청주지웰시티점,20230915402,2023-09-15,2023-10 ~ 2026-08,1395,두꺼비PC,충북 청주시 흥덕구 풍년로160번길 20,36.626884,127.433786,C,,
청주지웰시티점,20230915402,2023-09-15,2023-10 ~ 2026-08,1410,해피머니게임장,충북 청주시 흥덕구 풍년로160번길 12,36.626752,127.433410,C,,
청주지웰시티점,20230915402,2023-09-15,2023-10 ~ 2026-08,1452,OXPC 청주복대점,충북 청주시 흥덕구 사직대로 10,36.633993,127.448440,C,,
청주지웰시티점,20230915402,2023-09-15,2023-10 ~ 2026-08,1471,두꺼비PC방,충북 청주시 흥덕구 내수동로 7,36.633813,127.448572,C,,
청주지웰시티점,20230915402,2023-09-15,2023-10 ~ 2026-08,1471,복대그린PC방,충북 청주시 흥덕구 내수동로 10,36.633643,127.448471,C,,
청주지웰시티점,20230915402,2023-09-15,2023-10 ~ 2026-08,1493,케이제이프로택,충북 청주시 흥덕구 풍년로142번길 39,36.626120,127.435875,C,,
청주지웰시티점,20230915402,2023-09-15,2023-10 ~ 2026-08,1516,사이버존PC방,충북 청주시 흥덕구 풍년로 148-1,36.625793,127.433557,C,,
청주지웰시티점,20230915402,2023-09-15,2023-10 ~ 2026-08,1552,시크릿PC방,충북 청주시 흥덕구 풍년로 144,36.625476,127.433658,C,,
청주지웰시티점,20230915402,2023-09-15,2023-10 ~ 2026-08,1560,레드포스PC아레나 청주터미널,충북 청주시 흥덕구 가로수로1164번길 41-44,36.625890,127.429101,C,,
청주지웰시티점,20230915402,2023-09-15,2023-10 ~ 2026-08,1574,쿡PC,충북 청주시 흥덕구 가로수로1164번길 7-2,36.626442,127.426672,C,,
청주지웰시티점,20230915402,2023-09-15,2023-10 ~ 2026-08,1575,아이피씨유 i PC U,충북 청주시 흥덕구 가로수로1164번길 41-29,36.625981,127.428165,C,,
청주지웰시티점,20230915402,2023-09-15,2023-10 ~ 2026-08,1634,블루PC,충북 청주시 흥덕구 가로수로1154번길 5-12,36.626248,127.425614,C,,
청주지웰시티점,20230915402,2023-09-15,2023-10 ~ 2026-08,1706,아이센스블랙 라벨PC존 청주터미널점,충북 청주시 흥덕구 서현동로 25,36.624500,127.429245,C,,
청주지웰시티점,20230915402,2023-09-15,2023-10 ~ 2026-08,1711,피시태그 청주강서점,충북 청주시 흥덕구 강서로 107,36.624741,127.427952,C,,
청주지웰시티점,20230915402,2023-09-15,2023-10 ~ 2026-08,1763,체크인체크PC,충북 청주시 흥덕구 서현동로 16,36.623825,127.430129,C,,
청주지웰시티점,20230915402,2023-09-15,2023-10 ~ 2026-08,1826,뉴페이스PC방,충북 청주시 흥덕구 서현중로 56,36.623452,127.428929,C,,
청주지웰시티점,20230915402,2023-09-15,2023-10 ~ 2026-08,1826,라이또PC방 강서점,충북 청주시 흥덕구 서현중로 58-1,36.623515,127.428611,C,,
청주지웰시티점,20230915402,2023-09-15,2023-10 ~ 2026-08,1841,X큐브PC존,충북 청주시 흥덕구 충대로 7,36.633298,127.452794,C,,
청주지웰시티점,20230915402,2023-09-15,2023-10 ~ 2026-08,1855,3POP PC방,충북 청주시 흥덕구 내수동로 46,36.632502,127.452549,C,,
청주지웰시티점,20230915402,2023-09-15,2023-10 ~ 2026-08,1877,욜로pc방 청주가경점,충북 청주시 흥덕구 서현동로 4,36.622712,127.430698,C,,
청주지웰시티점,20230915402,2023-09-15,2023-10 ~ 2026-08,1974,M&S PC클럽,충북 청주시 흥덕구 직지대로 561,36.643545,127.455171,C,,
청주지웰시티점,20230915402,2023-09-15,2023-10 ~ 2026-08,44,레드포스PC아레나 청주복대점,충북 청주시 흥덕구 대신로73번길 39,36.639480,127.433183,-,,
청주지웰시티점,20230915402,2023-09-15,2023-10 ~ 2026-08,44,탑스타PC,충북 청주시 흥덕구 대신로73번길 39,36.639481,127.433182,-,,
청주지웰시티점,20230915402,2023-09-15,2023-10 ~ 2026-08,66,G7 PC방,충북 청주시 흥덕구 대신로73번길 41,36.639410,127.432940,-,,
청주대점,20240412409,2024-04-12,2024-05 ~ 2026-08,554,피시인,충북 청주시 청원구 수암로 99,36.651119,127.493535,B,,
청주대점,20240412409,2024-04-12,2024-05 ~ 2026-08,577,PC인클럽,충북 청주시 청원구 수암로 98-3,36.651118,127.493790,B,,
청주대점,20240412409,2024-04-12,2024-05 ~ 2026-08,660,평화PC,충북 청주시 청원구 향군로108번길 23,36.655102,127.483105,B,,
청주대점,20240412409,2024-04-12,2024-05 ~ 2026-08,703,수PC스테이션 청대점,충북 청주시 청원구 상당로302번길 133,36.653391,127.494269,C,,
청주대점,20240412409,2024-04-12,2024-05 ~ 2026-08,813,더샾PC방,충북 청주시 청원구 내덕로 11,36.656144,127.481971,C,,
청주대점,20240412409,2024-04-12,2024-05 ~ 2026-08,949,스타PC,충북 청주시 흥덕구 흥덕로162번길 13,36.647639,127.477311,C,,
청주대점,20240412409,2024-04-12,2024-05 ~ 2026-08,982,황제PC,충북 청주시 서원구 사운로 170-1,36.644260,127.479352,C,,
청주대점,20240412409,2024-04-12,2024-05 ~ 2026-08,985,비엔나PC방 사직점,충북 청주시 서원구 사북로 80,36.643760,127.479926,C,,
청주대점,20240412409,2024-04-12,2024-05 ~ 2026-08,1035,본PC스테이션,충북 청주시 흥덕구 사운로 215,36.647733,127.476278,C,,
청주대점,20240412409,2024-04-12,2024-05 ~ 2026-08,1064,와와PC방,충북 청주시 청원구 안덕벌로52번길 109,36.655779,127.497157,C,,
청주대점,20240412409,2024-04-12,2024-05 ~ 2026-08,1072,대박PC,충북 청주시 흥덕구 운천로4번길 17,36.649838,127.475432,C,,
청주대점,20240412409,2024-04-12,2024-05 ~ 2026-08,1075,슈퍼스타PC방,충북 청주시 흥덕구 흥덕로 152-2,36.647540,127.475874,C,,
청주대점,20240412409,2024-04-12,2024-05 ~ 2026-08,1118,파란PC방,충북 청주시 흥덕구 사운로 244-1,36.649941,127.474918,C,,
청주대점,20240412409,2024-04-12,2024-05 ~ 2026-08,1131,킹골드PC,충북 청주시 흥덕구 사운로 239,36.649345,127.474822,C,,
청주대점,20240412409,2024-04-12,2024-05 ~ 2026-08,1164,비트PC방 청주운천점,충북 청주시 흥덕구 사운로 252,36.650502,127.474393,C,,
청주대점,20240412409,2024-04-12,2024-05 ~ 2026-08,1219,킹PC,충북 청주시 청원구 충청대로 41,36.660971,127.490498,C,,
청주대점,20240412409,2024-04-12,2024-05 ~ 2026-08,1363,엉클PC,충북 청주시 청원구 안덕벌로102번길 2,36.658145,127.499128,C,,
청주대점,20240412409,2024-04-12,2024-05 ~ 2026-08,1434,꿀PC방,충북 청주시 서원구 사운로 114,36.639157,127.479217,C,,
청주대점,20240412409,2024-04-12,2024-05 ~ 2026-08,1450,테크런 청주점,충북 청주시 상당구 중앙로 1-1,36.637245,127.488822,C,,
청주대점,20240412409,2024-04-12,2024-05 ~ 2026-08,1603,PC태그,충북 청주시 상당구 성안로 13,36.635918,127.489493,C,,
청주대점,20240412409,2024-04-12,2024-05 ~ 2026-08,1709,쿵스게임랜드 청주점,충북 청주시 상당구 성안로 19-2,36.634951,127.489480,C,,
청주대점,20240412409,2024-04-12,2024-05 ~ 2026-08,1783,피시태그 율량점,충북 청주시 청원구 1순환로 144,36.664562,127.496529,C,,
청주대점,20240412409,2024-04-12,2024-05 ~ 2026-08,1790,레드포스PC아레나 청주율량점,충북 청주시 청원구 1순환로 142,36.664512,127.496827,C,,
청주대점,20240412409,2024-04-12,2024-05 ~ 2026-08,1792,슈팅존스크린사격,충북 청주시 청원구 1순환로 142,36.664534,127.496823,C,,
청주대점,20240412409,2024-04-12,2024-05 ~ 2026-08,1859,맥PC,충북 청주시 청원구 율량로190번길 53,36.665599,127.495816,C,,
청주대점,20240412409,2024-04-12,2024-05 ~ 2026-08,1882,팡팡배틀존,충북 청주시 청원구 율량로202번길 30,36.665291,127.497189,C,,
청주대점,20240412409,2024-04-12,2024-05 ~ 2026-08,1908,제이에이치제이컴퍼니,충북 청주시 청원구 율봉로94번길 9,36.666496,127.480360,C,,
청주대점,20240412409,2024-04-12,2024-05 ~ 2026-08,1912,맥PC카페 사천점,충북 청주시 청원구 율봉로94번길 9,36.666504,127.480254,C,,
청주대점,20240412409,2024-04-12,2024-05 ~ 2026-08,1959,비오비피씨(BOBPC)방 율량점,충북 청주시 청원구 율봉로 97,36.666907,127.480094,C,,
청주대점,20240412409,2024-04-12,2024-05 ~ 2026-08,100,PC태그 청대점,충북 청주시 청원구 직지대로 879,36.651161,127.487240,-,,
청주대점,20240412409,2024-04-12,2024-05 ~ 2026-08,170,OXPC 청주대점,충북 청주시 청원구 상당로 257,36.651408,127.488702,-,,
청주대점,20240412409,2024-04-12,2024-05 ~ 2026-08,429,마카오pc방,충북 청주시 청원구 우암로 32,36.652192,127.483253,-,,
발산역점,20251121428,2025-11-21,2025-12 ~ 2026-08,615,아이비스pc,서울 강서구 공항대로42길 16,37.557259,126.843660,B,,
발산역점,20251121428,2025-11-21,2025-12 ~ 2026-08,667,와우PC존,서울 강서구 강서로 451,37.565782,126.840304,B,,
발산역점,20251121428,2025-11-21,2025-12 ~ 2026-08,749,제로백PC 등촌점,서울 강서구 강서로 460,37.566307,126.841131,B,,
발산역점,20251121428,2025-11-21,2025-12 ~ 2026-08,749,게임팩토리PC,서울 강서구 강서로 460,37.566307,126.841131,C,,
발산역점,20251121428,2025-11-21,2025-12 ~ 2026-08,776,긱스타PC카페,서울 강서구 공항대로 194,37.558981,126.829035,C,,
발산역점,20251121428,2025-11-21,2025-12 ~ 2026-08,787,놀만한곳,서울 강서구 마곡중앙6로 11,37.560948,126.828842,C,,
발산역점,20251121428,2025-11-21,2025-12 ~ 2026-08,789,메타PC 강서본점,서울 강서구 강서로 462,37.566612,126.841402,C,,
발산역점,20251121428,2025-11-21,2025-12 ~ 2026-08,898,플렉스피씨,서울 강서구 화곡로63길 93,37.558531,126.847662,C,,
발산역점,20251121428,2025-11-21,2025-12 ~ 2026-08,1034,레벨업PC방 내발산점,서울 강서구 강서로47길 113,37.553209,126.829861,C,,
발산역점,20251121428,2025-11-21,2025-12 ~ 2026-08,1192,쓰리팝PC카페,서울 강서구 양천로 452,37.562995,126.850713,C,,
발산역점,20251121428,2025-11-21,2025-12 ~ 2026-08,1279,제로백PC 우장산점,서울 강서구 강서로 257,37.548687,126.836036,C,,
발산역점,20251121428,2025-11-21,2025-12 ~ 2026-08,1305,레벨업PC방 마곡점,서울 강서구 마곡중앙로 161-11,37.568014,126.826733,C,,
발산역점,20251121428,2025-11-21,2025-12 ~ 2026-08,1337,그랜드게임존,서울 강서구 화곡로 347,37.554834,126.851291,C,,
발산역점,20251121428,2025-11-21,2025-12 ~ 2026-08,1345,이네이처PC방,서울 강서구 화곡로 347,37.554798,126.851368,C,,
발산역점,20251121428,2025-11-21,2025-12 ~ 2026-08,1351,레드포스PC아레나 강서마곡점,서울 강서구 마곡중앙로 161-17,37.568106,126.826128,C,,
발산역점,20251121428,2025-11-21,2025-12 ~ 2026-08,1358,누리터PC방,서울 강서구 양천로57길 16,37.563377,126.852524,C,,
발산역점,20251121428,2025-11-21,2025-12 ~ 2026-08,1426,럭키캐치,서울 강서구 화곡로 318-1,37.552288,126.850481,C,,
발산역점,20251121428,2025-11-21,2025-12 ~ 2026-08,1437,포포PC방 강서구청점,서울 강서구 공항대로46길 90,37.552385,126.850737,C,,
발산역점,20251121428,2025-11-21,2025-12 ~ 2026-08,1440,레벨업PC방 강서구청점,서울 강서구 공항대로46길 90,37.552367,126.850758,C,,
발산역점,20251121428,2025-11-21,2025-12 ~ 2026-08,1483,이스포츠카페PC방,서울 강서구 강서로 237,37.546849,126.835886,C,,
발산역점,20251121428,2025-11-21,2025-12 ~ 2026-08,1492,제로백PC 강서구청점,서울 강서구 화곡로58길 18,37.552799,126.851853,C,,
발산역점,20251121428,2025-11-21,2025-12 ~ 2026-08,1504,마스타M성인PC 강서점,서울 강서구 화곡로58길 22-14,37.552326,126.851622,C,,
발산역점,20251121428,2025-11-21,2025-12 ~ 2026-08,1571,엔젤벳홀덤스튜디오 강서구청점,서울 강서구 화곡로58길 35,37.552868,126.852959,C,,
발산역점,20251121428,2025-11-21,2025-12 ~ 2026-08,1642,레벨업PC방,서울 강서구 공항대로45길 44,37.556809,126.855808,C,,
발산역점,20251121428,2025-11-21,2025-12 ~ 2026-08,1705,헌터PC방 화곡점,서울 강서구 화곡로21길 78,37.544808,126.836276,C,,
발산역점,20251121428,2025-11-21,2025-12 ~ 2026-08,1711,빈이스포츠PC카페,서울 강서구 까치산로 101,37.547385,126.848599,C,,
발산역점,20251121428,2025-11-21,2025-12 ~ 2026-08,1713,PC베네 시즌2,서울 강서구 까치산로 101,37.547385,126.848636,C,,
발산역점,20251121428,2025-11-21,2025-12 ~ 2026-08,1727,틱톡PC존,서울 강서구 까치산로 106,37.547546,126.849205,C,,
발산역점,20251121428,2025-11-21,2025-12 ~ 2026-08,1731,텐지피시방,서울 강서구 공항대로45길 68-6,37.558297,126.857164,C,,
발산역점,20251121428,2025-11-21,2025-12 ~ 2026-08,1737,알디 화곡점,서울 강서구 강서로33가길 68,37.544493,126.836964,C,,
발산역점,20251121428,2025-11-21,2025-12 ~ 2026-08,1775,피씨태그 화곡점,서울 강서구 강서로 205,37.544135,126.837621,C,,
발산역점,20251121428,2025-11-21,2025-12 ~ 2026-08,1923,피에스타PC방 강서화곡점,서울 강서구 강서로 187,37.542834,126.838932,C,,
발산역점,20251121428,2025-11-21,2025-12 ~ 2026-08,49,블링팝,서울 강서구 마곡중앙8로 90,37.560573,126.837593,-,,
발산역점,20251121428,2025-11-21,2025-12 ~ 2026-08,77,마곡플스,서울 강서구 강서로 381,37.559556,126.838199,-,,
발산역점,20251121428,2025-11-21,2025-12 ~ 2026-08,133,브리즈(마곡점),서울 강서구 공항대로 271,37.558935,126.837797,-,,
발산역점,20251121428,2025-11-21,2025-12 ~ 2026-08,145,헤라PC,서울 강서구 공항대로 271,37.558822,126.837794,-,,
발산역점,20251121428,2025-11-21,2025-12 ~ 2026-08,277,쓰리팝,서울 강서구 강서로 360,37.557695,126.838394,-,,
발산역점,20251121428,2025-11-21,2025-12 ~ 2026-08,277,긱스타PC,서울 강서구 강서로 360,37.557695,126.838394,-,,
발산역점,20251121428,2025-11-21,2025-12 ~ 2026-08,427,매가쓰리팝pc방,서울 강서구 강서로 426,37.563221,126.840594,-,,
전대후문점,20231215406,2023-12-15,2024-01 ~ 2026-08,519,탑독PC,전남광주통합특별시 북구 우치로 128,35.178830,126.912307,B,,
전대후문점,20231215406,2023-12-15,2024-01 ~ 2026-08,519,블랑PC,전남광주통합특별시 북구 우치로 128,35.178830,126.912307,B,,
전대후문점,20231215406,2023-12-15,2024-01 ~ 2026-08,623,소나무피씨클럽,전남광주통합특별시 북구 호동로 70,35.177756,126.918217,B,,
전대후문점,20231215406,2023-12-15,2024-01 ~ 2026-08,625,그르르 PC카페,전남광주통합특별시 북구 호동로 70,35.177754,126.918246,C,,
전대후문점,20231215406,2023-12-15,2024-01 ~ 2026-08,801,청담PC방,전남광주통합특별시 북구 자미로 64,35.171603,126.904717,C,,
전대후문점,20231215406,2023-12-15,2024-01 ~ 2026-08,840,스타PC,전남광주통합특별시 북구 자미로 61,35.171513,126.904301,C,,
전대후문점,20231215406,2023-12-15,2024-01 ~ 2026-08,847,인터게이트 전대점,전남광주통합특별시 북구 자미로 61,35.171474,126.904239,C,,
전대후문점,20231215406,2023-12-15,2024-01 ~ 2026-08,855,테디PC방,전남광주통합특별시 북구 자미로 59,35.171289,126.904228,C,,
전대후문점,20231215406,2023-12-15,2024-01 ~ 2026-08,1018,아이센스 블랙라벨PC존 전대상대점,전남광주통합특별시 북구 설죽로202번길 90,35.177243,126.902405,C,,
전대후문점,20231215406,2023-12-15,2024-01 ~ 2026-08,1037,라인PC,전남광주통합특별시 북구 설죽로202번길 88,35.177259,126.902186,C,,
전대후문점,20231215406,2023-12-15,2024-01 ~ 2026-08,1048,로드PC방 상대점,전남광주통합특별시 북구 설죽로202번길 84,35.177198,126.902032,C,,
전대후문점,20231215406,2023-12-15,2024-01 ~ 2026-08,1067,긱스타PC 상대점,전남광주통합특별시 북구 설죽로202번길 80,35.177173,126.901805,C,,
전대후문점,20231215406,2023-12-15,2024-01 ~ 2026-08,1096,굿PC,전남광주통합특별시 북구 용주로30번길 56,35.180537,126.903729,C,,
전대후문점,20231215406,2023-12-15,2024-01 ~ 2026-08,1113,지구성인게임랜드,전남광주통합특별시 북구 서방로107번길 29,35.171882,126.924836,C,,
전대후문점,20231215406,2023-12-15,2024-01 ~ 2026-08,1130,힐링PC카페,전남광주통합특별시 북구 서방로107번길 39,35.172256,126.925129,C,,
전대후문점,20231215406,2023-12-15,2024-01 ~ 2026-08,1179,라붐PC,전남광주통합특별시 북구 동문대로 118,35.173446,126.925856,C,,
전대후문점,20231215406,2023-12-15,2024-01 ~ 2026-08,1277,이거시PC방,전남광주통합특별시 북구 필문대로 11,35.164719,126.920943,C,,
전대후문점,20231215406,2023-12-15,2024-01 ~ 2026-08,1327,두암게임랜드,전남광주통합특별시 북구 면앙로156번길 36,35.174944,126.927481,C,,
전대후문점,20231215406,2023-12-15,2024-01 ~ 2026-08,1337,희망PC방,전남광주통합특별시 북구 동문대로167번길 27,35.177781,126.926948,C,,
전대후문점,20231215406,2023-12-15,2024-01 ~ 2026-08,1364,아이리스PC카페 문흥점,전남광주통합특별시 북구 평교로 40-1,35.180716,126.925616,C,,
전대후문점,20231215406,2023-12-15,2024-01 ~ 2026-08,1424,아로마PC카페,전남광주통합특별시 북구 우치로228번길 52-4,35.186355,126.907994,C,,
전대후문점,20231215406,2023-12-15,2024-01 ~ 2026-08,1518,짱게임랜드,전남광주통합특별시 북구 우치로231번길 50,35.184988,126.902724,C,,
전대후문점,20231215406,2023-12-15,2024-01 ~ 2026-08,1529,케이원피씨,전남광주통합특별시 북구 서하로 369,35.186278,126.920984,C,,
전대후문점,20231215406,2023-12-15,2024-01 ~ 2026-08,1556,아이센스리그PC방 광주문흥점,전남광주통합특별시 북구 문산로 43-9,35.185965,126.922201,C,,
전대후문점,20231215406,2023-12-15,2024-01 ~ 2026-08,1557,봉봉펀삽,전남광주통합특별시 북구 문산로 43-11,35.186042,126.922065,C,,
전대후문점,20231215406,2023-12-15,2024-01 ~ 2026-08,1568,마린PC,전남광주통합특별시 북구 대천로 138,35.186659,126.921023,C,,
전대후문점,20231215406,2023-12-15,2024-01 ~ 2026-08,1569,VIP게임랜드,전남광주통합특별시 북구 경양로 107,35.162120,126.903916,C,,
전대후문점,20231215406,2023-12-15,2024-01 ~ 2026-08,1588,아이컨츄리PC존,전남광주통합특별시 북구 동문대로 189,35.179218,126.929265,C,,
전대후문점,20231215406,2023-12-15,2024-01 ~ 2026-08,1648,사격장,전남광주통합특별시 북구 용봉택지로 82,35.178258,126.895539,C,,
전대후문점,20231215406,2023-12-15,2024-01 ~ 2026-08,1665,사계절PC,전남광주통합특별시 북구 저불로70번길 6-3,35.180330,126.896268,C,,
전대후문점,20231215406,2023-12-15,2024-01 ~ 2026-08,1673,노블PC카페,전남광주통합특별시 북구 경열로 231,35.160013,126.906600,C,,
전대후문점,20231215406,2023-12-15,2024-01 ~ 2026-08,1683,말섬pc존,전남광주통합특별시 북구 우치로241번길 52,35.186583,126.902293,C,,
전대후문점,20231215406,2023-12-15,2024-01 ~ 2026-08,52,3팝 PC카페,전남광주통합특별시 북구 우치로 80,35.174643,126.912912,-,,
전대후문점,20231215406,2023-12-15,2024-01 ~ 2026-08,52,레벨업PC방 전남대점,전남광주통합특별시 북구 우치로 80,35.174645,126.912884,-,,
전대후문점,20231215406,2023-12-15,2024-01 ~ 2026-08,52,레드포스PC아레나 광주전남대점,전남광주통합특별시 북구 우치로 80,35.174648,126.912893,-,,
전대후문점,20231215406,2023-12-15,2024-01 ~ 2026-08,92,아이팝PC방,전남광주통합특별시 북구 서방로 4,35.173432,126.913392,-,,
전대후문점,20231215406,2023-12-15,2024-01 ~ 2026-08,113,자비스PC존,전남광주통합특별시 북구 서방로 7-1,35.173602,126.913971,-,,
전대후문점,20231215406,2023-12-15,2024-01 ~ 2026-08,127,라인PC,전남광주통합특별시 북구 서방로 10,35.173349,126.913916,-,,
전대후문점,20231215406,2023-12-15,2024-01 ~ 2026-08,129,레오PC방,전남광주통합특별시 북구 우치로90번길 8-3,35.175324,126.913179,-,,
전대후문점,20231215406,2023-12-15,2024-01 ~ 2026-08,157,제스트 (Zest) PC,전남광주통합특별시 북구 우치로90번길 5,35.175591,126.912955,-,,
전대후문점,20231215406,2023-12-15,2024-01 ~ 2026-08,183,뽑기명당,전남광주통합특별시 북구 우치로90번길 21,35.175649,126.913850,-,,
전대후문점,20231215406,2023-12-15,2024-01 ~ 2026-08,228,액티브게임파크 광주전남대점,전남광주통합특별시 북구 우치로 98-1,35.176217,126.912627,-,,
전대후문점,20231215406,2023-12-15,2024-01 ~ 2026-08,239,베니 PC Place,전남광주통합특별시 북구 우치로100번길 24,35.176225,126.913770,-,,
전대후문점,20231215406,2023-12-15,2024-01 ~ 2026-08,333,볼트9PC카페,전남광주통합특별시 북구 우치로100번길 41,35.176772,126.914775,-,,
부천상동역점,20240628416,2024-06-28,2024-07 ~ 2026-08,721,듀얼PC방 부천상동점,경기 부천시 원미구 조마루로 105,37.500401,126.755445,B,,
부천상동역점,20240628416,2024-06-28,2024-07 ~ 2026-08,737,레드포스PC,경기 부천시 원미구 석천로177번길 31,37.503303,126.760957,B,,
부천상동역점,20240628416,2024-06-28,2024-07 ~ 2026-08,772,오토피씨(OTOPC) 중동점,경기 부천시 원미구 석천로177번길 29,37.503260,126.761381,B,,
부천상동역점,20240628416,2024-06-28,2024-07 ~ 2026-08,852,캐치팡 중동점,경기 부천시 원미구 석천로 181,37.503710,126.762681,C,,
부천상동역점,20240628416,2024-06-28,2024-07 ~ 2026-08,886,갤러리PC 부천상동점,경기 부천시 원미구 석천로 171,37.502853,126.762571,C,,
부천상동역점,20240628416,2024-06-28,2024-07 ~ 2026-08,913,긱스타pc방,경기 부천시 원미구 석천로 176,37.502976,126.763009,C,,
부천상동역점,20240628416,2024-06-28,2024-07 ~ 2026-08,1387,메가팡,경기 부천시 원미구 길주로 234,37.502636,126.768648,C,,
부천상동역점,20240628416,2024-06-28,2024-07 ~ 2026-08,1388,로그인PC카페,경기 부천시 원미구 부흥로 176,37.496201,126.762232,C,,
부천상동역점,20240628416,2024-06-28,2024-07 ~ 2026-08,1432,레벨업PC방 부천시청점,경기 부천시 원미구 중동로 258,37.502860,126.769285,C,,
부천상동역점,20240628416,2024-06-28,2024-07 ~ 2026-08,1541,퀸스타,경기 부천시 원미구 부흥로 198,37.495805,126.764535,C,,
부천상동역점,20240628416,2024-06-28,2024-07 ~ 2026-08,1602,하하인터넷피시방,경기 부천시 원미구 중동로 370,37.512840,126.770294,C,,
부천상동역점,20240628416,2024-06-28,2024-07 ~ 2026-08,1625,쓰리팝PC,인천 부평구 영성서로 3,37.518315,126.742514,C,,
부천상동역점,20240628416,2024-06-28,2024-07 ~ 2026-08,1633,밀크PC방,인천 부평구 충선로203번길 16,37.507557,126.735394,C,,
부천상동역점,20240628416,2024-06-28,2024-07 ~ 2026-08,1647,EFC이스포츠스타디움,경기 부천시 원미구 평천로 708,37.514858,126.769470,C,,
부천상동역점,20240628416,2024-06-28,2024-07 ~ 2026-08,1685,세븐PC카페,경기 부천시 원미구 중동로248번길 55,37.501629,126.771774,C,,
부천상동역점,20240628416,2024-06-28,2024-07 ~ 2026-08,1689,펄스PC 부평삼산점,인천 부평구 길주로647번길 4,37.507201,126.734737,C,,
부천상동역점,20240628416,2024-06-28,2024-07 ~ 2026-08,1689,토이즈(Toys),인천 부평구 길주로647번길 20,37.507914,126.734780,C,,
부천상동역점,20240628416,2024-06-28,2024-07 ~ 2026-08,1709,디비 피시 카페DB PC CAFE,경기 부천시 원미구 중동로254번길 61,37.502145,126.772275,C,,
부천상동역점,20240628416,2024-06-28,2024-07 ~ 2026-08,1716,킹덤PC,인천 부평구 평천로 447,37.517474,126.739828,C,,
부천상동역점,20240628416,2024-06-28,2024-07 ~ 2026-08,1720,헤라(HERA) PC방,경기 부천시 원미구 상일로 92,37.491309,126.752476,C,,
부천상동역점,20240628416,2024-06-28,2024-07 ~ 2026-08,1721,쓰리팝(부천상동점),경기 부천시 원미구 상일로 92,37.491303,126.752462,C,,
부천상동역점,20240628416,2024-06-28,2024-07 ~ 2026-08,1742,프리미엄 본스PC,인천 부평구 길주로647번길 17,37.508031,126.734198,C,,
부천상동역점,20240628416,2024-06-28,2024-07 ~ 2026-08,1742,스마트PC,경기 부천시 오정구 중동로 398,37.515341,126.770359,C,,
부천상동역점,20240628416,2024-06-28,2024-07 ~ 2026-08,1742,DBPC,인천 부평구 길주로647번길 17,37.508031,126.734193,C,,
부천상동역점,20240628416,2024-06-28,2024-07 ~ 2026-08,1745,킹덤PC방 약대점,경기 부천시 오정구 중동로 398,37.515402,126.770339,C,,
부천상동역점,20240628416,2024-06-28,2024-07 ~ 2026-08,1752,보라PC,인천 부평구 충선로203번길 40,37.507628,126.734054,C,,
부천상동역점,20240628416,2024-06-28,2024-07 ~ 2026-08,1776,커넥트PC카페,경기 부천시 원미구 상일로94번길 16,37.490804,126.752489,C,,
부천상동역점,20240628416,2024-06-28,2024-07 ~ 2026-08,1777,스마트팡팡 송내로데오,경기 부천시 원미구 상일로94번길 16,37.490792,126.752517,C,,
부천상동역점,20240628416,2024-06-28,2024-07 ~ 2026-08,1778,퍼니퍼니PC방,경기 부천시 원미구 상일로94번길 15,37.490770,126.752799,C,,
부천상동역점,20240628416,2024-06-28,2024-07 ~ 2026-08,1838,DB PC카페,경기 부천시 원미구 송내대로73번길 21,37.490222,126.752909,C,,
부천상동역점,20240628416,2024-06-28,2024-07 ~ 2026-08,1839,프렌드PC방,경기 부천시 원미구 송내대로73번길 21,37.490217,126.752906,C,,
부천상동역점,20240628416,2024-06-28,2024-07 ~ 2026-08,1853,제로백PC방 삼산동점,인천 부평구 체육관로 14,37.508386,126.732970,C,,
부천상동역점,20240628416,2024-06-28,2024-07 ~ 2026-08,1861,탑클래스PC방 중동점,경기 부천시 원미구 중동로 153,37.493544,126.766776,C,,
부천상동역점,20240628416,2024-06-28,2024-07 ~ 2026-08,1909,레벨업PC방 송내점,경기 부천시 원미구 상일로122번길 39,37.489635,126.755771,C,,
부천상동역점,20240628416,2024-06-28,2024-07 ~ 2026-08,1918,스타일pc방,경기 부천시 원미구 중동로248번길 105,37.501205,126.774388,C,,
부천상동역점,20240628416,2024-06-28,2024-07 ~ 2026-08,85,토이포이,경기 부천시 원미구 상동로 109,37.507114,126.752975,-,,
부천상동역점,20240628416,2024-06-28,2024-07 ~ 2026-08,183,본PC,경기 부천시 원미구 길주로77번길 55-13,37.507209,126.751838,-,,
부천상동역점,20240628416,2024-06-28,2024-07 ~ 2026-08,213,크라우드PC 부천상동점,경기 부천시 원미구 길주로121번길 18-3,37.506680,126.756255,-,,
부천상동역점,20240628416,2024-06-28,2024-07 ~ 2026-08,214,더엑스PC방 상동점,경기 부천시 원미구 상동로 87,37.505220,126.752402,-,,
부천상동역점,20240628416,2024-06-28,2024-07 ~ 2026-08,237,크리드PC방 부천상동점,경기 부천시 원미구 길주로 86,37.505249,126.751950,-,,
부천상동역점,20240628416,2024-06-28,2024-07 ~ 2026-08,248,레벨업PC방 부천상동점,경기 부천시 원미구 상동로 83,37.504834,126.752430,-,,
부천상동역점,20240628416,2024-06-28,2024-07 ~ 2026-08,271,게임박스 상동점,경기 부천시 원미구 상동로 81,37.504619,126.752384,-,,
부천상동역점,20240628416,2024-06-28,2024-07 ~ 2026-08,307,옵티멈존PC카페 상동역점,경기 부천시 원미구 상동로 79,37.504268,126.752357,-,,
수원인계점,20241017418,2024-10-17,2024-11 ~ 2026-08,511,하바나PC방,경기 수원시 팔달구 경수대로 438,37.265394,127.026628,B,,
수원인계점,20241017418,2024-10-17,2024-11 ~ 2026-08,801,사이버파크피시방,경기 수원시 팔달구 권광로 120,37.258430,127.030859,B,,
수원인계점,20241017418,2024-10-17,2024-11 ~ 2026-08,811,피에스타플레이스PC방,경기 수원시 권선구 경수대로384번길 42-1,37.259819,127.026711,B,,
수원인계점,20241017418,2024-10-17,2024-11 ~ 2026-08,914,크라우드PC 수원인계점,경기 수원시 팔달구 세지로 182,37.267443,127.022360,C,,
수원인계점,20241017418,2024-10-17,2024-11 ~ 2026-08,1068,클릭PC 권선점,경기 수원시 권선구 권선로 652,37.260128,127.022441,C,,
수원인계점,20241017418,2024-10-17,2024-11 ~ 2026-08,1068,PC토랑 수원권선점,경기 수원시 권선구 권선로 652,37.260131,127.022428,C,,
수원인계점,20241017418,2024-10-17,2024-11 ~ 2026-08,1189,녹스피시방 수원본점,경기 수원시 영통구 효원로 381,37.259325,127.043310,C,,
수원인계점,20241017418,2024-10-17,2024-11 ~ 2026-08,1200,스타캐슬PC존,경기 수원시 권선구 세권로181번길 20-3,37.256608,127.024781,C,,
수원인계점,20241017418,2024-10-17,2024-11 ~ 2026-08,1297,예스플레이스테이션,경기 수원시 영통구 매탄로100번길 29,37.259467,127.044884,C,,
수원인계점,20241017418,2024-10-17,2024-11 ~ 2026-08,1304,다다다,경기 수원시 영통구 매탄로100번길 29,37.259408,127.044934,C,,
수원인계점,20241017418,2024-10-17,2024-11 ~ 2026-08,1344,영자PC방,경기 수원시 영통구 효원로 397,37.259045,127.045182,C,,
수원인계점,20241017418,2024-10-17,2024-11 ~ 2026-08,1345,토니PC존 수원매탄점,경기 수원시 영통구 동수원로 498,37.272020,127.045221,C,,
수원인계점,20241017418,2024-10-17,2024-11 ~ 2026-08,1365,AMGPC방,경기 수원시 영통구 매영로35번길 6,37.269601,127.046929,C,,
수원인계점,20241017418,2024-10-17,2024-11 ~ 2026-08,1377,초콜릿PC방,경기 수원시 권선구 권광로 62,37.253470,127.028830,C,,
수원인계점,20241017418,2024-10-17,2024-11 ~ 2026-08,1443,제로백PC 세류점,경기 수원시 권선구 세지로 85,37.259557,127.017951,C,,
수원인계점,20241017418,2024-10-17,2024-11 ~ 2026-08,1450,잇츠PC 매탄점,경기 수원시 영통구 인계로 284,37.263212,127.048475,C,,
수원인계점,20241017418,2024-10-17,2024-11 ~ 2026-08,1463,제로백PC방 우만점,경기 수원시 팔달구 중부대로 143,37.278729,127.031865,C,,
수원인계점,20241017418,2024-10-17,2024-11 ~ 2026-08,1501,메테오PC,경기 수원시 영통구 중부대로 259,37.275001,127.044503,C,,
수원인계점,20241017418,2024-10-17,2024-11 ~ 2026-08,1516,영우PC방,경기 수원시 팔달구 아주로 9,37.275722,127.043807,C,,
수원인계점,20241017418,2024-10-17,2024-11 ~ 2026-08,1573,레본PC방,경기 수원시 팔달구 매산로116번길 70,37.268309,127.014995,C,,
수원인계점,20241017418,2024-10-17,2024-11 ~ 2026-08,1590,해피로PC방 수원아주대점,경기 수원시 영통구 아주로 18,37.276382,127.044132,C,,
수원인계점,20241017418,2024-10-17,2024-11 ~ 2026-08,1590,제로백PC 아주대점,경기 수원시 영통구 아주로 18,37.276383,127.044135,C,,
수원인계점,20241017418,2024-10-17,2024-11 ~ 2026-08,1590,라온PC카페,경기 수원시 영통구 아주로 18,37.276383,127.044135,C,,
수원인계점,20241017418,2024-10-17,2024-11 ~ 2026-08,1611,제로백pc방 매교점,경기 수원시 팔달구 정조로715번길 67,37.269124,127.014784,C,,
수원인계점,20241017418,2024-10-17,2024-11 ~ 2026-08,1631,로얄게임랜드,경기 수원시 팔달구 중부대로 17,37.275502,127.018852,C,,
수원인계점,20241017418,2024-10-17,2024-11 ~ 2026-08,1633,스카이브릿지카페,경기 수원시 권선구 세권로 118,37.257232,127.017208,C,,
수원인계점,20241017418,2024-10-17,2024-11 ~ 2026-08,1634,크리드PC방,경기 수원시 권선구 세권로 118,37.257223,127.017199,C,,
수원인계점,20241017418,2024-10-17,2024-11 ~ 2026-08,1666,PC파란,경기 수원시 영통구 아주로 28,37.277290,127.044110,C,,
수원인계점,20241017418,2024-10-17,2024-11 ~ 2026-08,1677,맥스피드PC방 수원매탄본점,경기 수원시 영통구 중부대로 302,37.273039,127.048820,C,,
수원인계점,20241017418,2024-10-17,2024-11 ~ 2026-08,1719,웰빙PC방,경기 수원시 팔달구 아주로 37,37.278227,127.043547,C,,
수원인계점,20241017418,2024-10-17,2024-11 ~ 2026-08,1720,제로100PC 아주대정문2호점,경기 수원시 팔달구 아주로 37,37.278227,127.043549,C,,
수원인계점,20241017418,2024-10-17,2024-11 ~ 2026-08,1720,3POP+PC방,경기 수원시 팔달구 아주로 37,37.278227,127.043551,C,,
수원인계점,20241017418,2024-10-17,2024-11 ~ 2026-08,1720,긱스타PC방 아주대점,경기 수원시 팔달구 아주로 37,37.278227,127.043551,C,,
수원인계점,20241017418,2024-10-17,2024-11 ~ 2026-08,1720,에이치디엘,경기 수원시 팔달구 아주로 37,37.278231,127.043547,C,,
수원인계점,20241017418,2024-10-17,2024-11 ~ 2026-08,1733,탑플레이스고질라PC,경기 수원시 팔달구 아주로 37,37.278344,127.043614,C,,
수원인계점,20241017418,2024-10-17,2024-11 ~ 2026-08,134,퍼펙트게임랜드,경기 수원시 팔달구 인계로166번길 48-21,37.264617,127.033350,-,,
수원인계점,20241017418,2024-10-17,2024-11 ~ 2026-08,139,레드포스PC아레나 인계점,경기 수원시 팔달구 효원로265번길 54,37.264352,127.031912,-,,
수원인계점,20241017418,2024-10-17,2024-11 ~ 2026-08,142,셀하PC방,경기 수원시 팔달구 인계로 140,37.266782,127.032847,-,,
수원인계점,20241017418,2024-10-17,2024-11 ~ 2026-08,174,트리플PC방,경기 수원시 팔달구 인계로124번길 49,37.265125,127.030495,-,,
수원인계점,20241017418,2024-10-17,2024-11 ~ 2026-08,176,봉봉스테이션 인계점,경기 수원시 팔달구 인계로166번길 48-17,37.264371,127.033731,-,,
수원인계점,20241017418,2024-10-17,2024-11 ~ 2026-08,202,킹오락실,경기 수원시 팔달구 인계로124번길 46,37.265513,127.030110,-,,
수원인계점,20241017418,2024-10-17,2024-11 ~ 2026-08,202,에이원PC카페,경기 수원시 팔달구 효원로265번길 41,37.263956,127.031276,-,,
수원인계점,20241017418,2024-10-17,2024-11 ~ 2026-08,274,헤르메스pc,경기 수원시 팔달구 인계로166번길 15-4,37.265462,127.035487,-,,
수원인계점,20241017418,2024-10-17,2024-11 ~ 2026-08,320,쇼타임PC방 인계점,경기 수원시 팔달구 권광로188번길 41,37.263940,127.035394,-,,
신중동점,N001,,,701,레벨업PC방 부천시청점,경기 부천시 원미구 중동로 258,37.502860,126.769285,B,,
신중동점,N001,,,738,메가팡,경기 부천시 원미구 길주로 234,37.502636,126.768648,B,,
신중동점,N001,,,908,퀸즈PC,경기 부천시 원미구 옥산로 153,37.507184,126.780072,B,,
신중동점,N001,,,955,더블엑스피씨방,경기 부천시 원미구 부흥로373번길 51,37.493754,126.783994,C,,
신중동점,N001,,,964,쓰리팝PC카페,경기 부천시 원미구 부천로 124,37.495263,126.785529,C,,
신중동점,N001,,,977,졸라빨라피씨방 원미점,경기 부천시 원미구 부천로 120,37.494986,126.785483,C,,
신중동점,N001,,,995,세븐PC,경기 부천시 원미구 조종로7번길 33,37.495007,126.785747,C,,
신중동점,N001,,,1066,탑클래스PC방 중동점,경기 부천시 원미구 중동로 153,37.493544,126.766776,C,,
신중동점,N001,,,1105,듀얼피시방 본점,경기 부천시 원미구 장말로 351,37.490552,126.781221,C,,
신중동점,N001,,,1107,퀸스타,경기 부천시 원미구 부흥로 198,37.495805,126.764535,C,,
신중동점,N001,,,1129,갱 PC방,경기 부천시 원미구 부천로90번길 8,37.492129,126.784728,C,,
신중동점,N001,,,1177,놀PC방 부천심곡점,경기 부천시 원미구 장말로294번길 49,37.489144,126.774157,C,,
신중동점,N001,,,1187,피씨팝 부천중동점,경기 부천시 원미구 장말로216번길 3,37.492319,126.766303,C,,
신중동점,N001,,,1209,프랜드PC방,경기 부천시 원미구 신흥로53번길 53,37.488848,126.774185,C,,
신중동점,N001,,,1215,긱스타pc방,경기 부천시 원미구 석천로 176,37.502976,126.763009,C,,
신중동점,N001,,,1248,갤러리PC 부천상동점,경기 부천시 원미구 석천로 171,37.502853,126.762571,C,,
신중동점,N001,,,1269,캐치팡 중동점,경기 부천시 원미구 석천로 181,37.503710,126.762681,C,,
신중동점,N001,,,1272,행운PC,경기 부천시 원미구 부흥로 393-1,37.490573,126.784909,C,,
신중동점,N001,,,1279,애플PC방,경기 부천시 원미구 신흥로56번길 36,37.488357,126.779084,C,,
신중동점,N001,,,1284,로그인PC카페,경기 부천시 원미구 부흥로 176,37.496201,126.762232,C,,
신중동점,N001,,,1305,노블피시방,경기 부천시 원미구 신흥로56번길 50,37.488295,126.780005,C,,
신중동점,N001,,,1362,오토피씨(OTOPC) 중동점,경기 부천시 원미구 석천로177번길 29,37.503260,126.761381,C,,
신중동점,N001,,,1382,스피드PC방,경기 부천시 원미구 조마루로 429,37.497032,126.791385,C,,
신중동점,N001,,,1385,미디어웹 이스테이션,경기 부천시 원미구 부일로 403,37.487183,126.775171,C,,
신중동점,N001,,,1399,레드포스PC,경기 부천시 원미구 석천로177번길 31,37.503303,126.760957,C,,
신중동점,N001,,,1408,더캠프PC방 부천대캠프,경기 부천시 원미구 부일로449번길 28,37.487459,126.780566,C,,
신중동점,N001,,,1412,스테이PC 부천대점,경기 부천시 원미구 부일로 429,37.487000,126.777957,C,,
신중동점,N001,,,1449,제로백 부천원미점,경기 부천시 원미구 원미로 162,37.496839,126.792114,C,,
신중동점,N001,,,1450,피에스타PC방 부천원미점,경기 부천시 원미구 원미로 154,37.496327,126.791976,C,,
신중동점,N001,,,1468,오셀롯PC방 부천역점,경기 부천시 원미구 부천로 42,37.488020,126.784043,C,,
신중동점,N001,,,1483,탑플레이스PC 부천대본점,경기 부천시 원미구 부일로449번길 12,37.486705,126.780329,C,,
신중동점,N001,,,1505,팬텀PC카페,경기 부천시 원미구 부천로40번길 10,37.487677,126.784137,C,,
신중동점,N001,,,1520,헐,경기 부천시 원미구 부천로 36,37.487363,126.783728,C,,
신중동점,N001,,,1547,온피씨,경기 부천시 원미구 부일로 459,37.486282,126.781098,C,,
신중동점,N001,,,1552,하하인터넷피시방,경기 부천시 원미구 중동로 370,37.512840,126.770294,C,,
신중동점,N001,,,79,블록버스터PC방,경기 부천시 원미구 조마루로297번길 31,37.498940,126.776301,-,,
신중동점,N001,,,79,메인,경기 부천시 원미구 조마루로297번길 31,37.498935,126.776294,-,,
신중동점,N001,,,93,비비스타디움 신중동점,경기 부천시 원미구 조마루로291번길 26,37.498800,126.775973,-,,
신중동점,N001,,,184,아즈텍PC방,경기 부천시 원미구 소향로 241,37.500802,126.774609,-,,
신중동점,N001,,,202,BBPC카페,경기 부천시 원미구 조마루로291번길 6,37.497811,126.776203,-,,
신중동점,N001,,,230,스타일pc방,경기 부천시 원미구 중동로248번길 105,37.501205,126.774388,-,,
신중동점,N001,,,254,그린PC,경기 부천시 원미구 부흥로315번길 67,37.497402,126.776746,-,,
신중동점,N001,,,437,디비 피시 카페DB PC CAFE,경기 부천시 원미구 중동로254번길 61,37.502145,126.772275,-,,
신중동점,N001,,,441,세븐PC카페,경기 부천시 원미구 중동로248번길 55,37.501629,126.771774,-,,
전대상대점,20240126408,2024-01-26,2024-02 ~ 2026-08,637,사격장,전남광주통합특별시 북구 용봉택지로 82,35.178258,126.895539,B,,
전대상대점,20240126408,2024-01-26,2024-02 ~ 2026-08,656,스타PC,전남광주통합특별시 북구 자미로 61,35.171513,126.904301,B,,
전대상대점,20240126408,2024-01-26,2024-02 ~ 2026-08,657,사계절PC,전남광주통합특별시 북구 저불로70번길 6-3,35.180330,126.896268,B,,
전대상대점,20240126408,2024-01-26,2024-02 ~ 2026-08,658,청담PC방,전남광주통합특별시 북구 자미로 64,35.171603,126.904717,C,,
전대상대점,20240126408,2024-01-26,2024-02 ~ 2026-08,659,인터게이트 전대점,전남광주통합특별시 북구 자미로 61,35.171474,126.904239,C,,
전대상대점,20240126408,2024-01-26,2024-02 ~ 2026-08,679,테디PC방,전남광주통합특별시 북구 자미로 59,35.171289,126.904228,C,,
전대상대점,20240126408,2024-01-26,2024-02 ~ 2026-08,861,짱게임랜드,전남광주통합특별시 북구 우치로231번길 50,35.184988,126.902724,C,,
전대상대점,20240126408,2024-01-26,2024-02 ~ 2026-08,917,탑독PC,전남광주통합특별시 북구 우치로 128,35.178830,126.912307,C,,
전대상대점,20240126408,2024-01-26,2024-02 ~ 2026-08,917,블랑PC,전남광주통합특별시 북구 우치로 128,35.178830,126.912307,C,,
전대상대점,20240126408,2024-01-26,2024-02 ~ 2026-08,936,액티브게임파크 광주전남대점,전남광주통합특별시 북구 우치로 98-1,35.176217,126.912627,C,,
전대상대점,20240126408,2024-01-26,2024-02 ~ 2026-08,976,제스트 (Zest) PC,전남광주통합특별시 북구 우치로90번길 5,35.175591,126.912955,C,,
전대상대점,20240126408,2024-01-26,2024-02 ~ 2026-08,995,레벨업PC방 전남대점,전남광주통합특별시 북구 우치로 80,35.174645,126.912884,C,,
전대상대점,20240126408,2024-01-26,2024-02 ~ 2026-08,995,레드포스PC아레나 광주전남대점,전남광주통합특별시 북구 우치로 80,35.174648,126.912893,C,,
전대상대점,20240126408,2024-01-26,2024-02 ~ 2026-08,997,3팝 PC카페,전남광주통합특별시 북구 우치로 80,35.174643,126.912912,C,,
전대상대점,20240126408,2024-01-26,2024-02 ~ 2026-08,1002,레오PC방,전남광주통합특별시 북구 우치로90번길 8-3,35.175324,126.913179,C,,
전대상대점,20240126408,2024-01-26,2024-02 ~ 2026-08,1019,아이센스 블랙라벨PC존 전대후문점,전남광주통합특별시 북구 우치로 76,35.174045,126.912926,C,,
전대상대점,20240126408,2024-01-26,2024-02 ~ 2026-08,1037,말섬pc존,전남광주통합특별시 북구 우치로241번길 52,35.186583,126.902293,C,,
전대상대점,20240126408,2024-01-26,2024-02 ~ 2026-08,1039,베니 PC Place,전남광주통합특별시 북구 우치로100번길 24,35.176225,126.913770,C,,
전대상대점,20240126408,2024-01-26,2024-02 ~ 2026-08,1055,뽑기명당,전남광주통합특별시 북구 우치로90번길 21,35.175649,126.913850,C,,
전대상대점,20240126408,2024-01-26,2024-02 ~ 2026-08,1056,아이디온PC카페,전남광주통합특별시 북구 용봉택지로 42,35.178414,126.890910,C,,
전대상대점,20240126408,2024-01-26,2024-02 ~ 2026-08,1084,아이팝PC방,전남광주통합특별시 북구 서방로 4,35.173432,126.913392,C,,
전대상대점,20240126408,2024-01-26,2024-02 ~ 2026-08,1089,아이센스리그PC방 오치점,전남광주통합특별시 북구 서하로 198,35.187044,126.902075,C,,
전대상대점,20240126408,2024-01-26,2024-02 ~ 2026-08,1126,자비스PC존,전남광주통합특별시 북구 서방로 7-1,35.173602,126.913971,C,,
전대상대점,20240126408,2024-01-26,2024-02 ~ 2026-08,1126,볼트9PC카페,전남광주통합특별시 북구 우치로100번길 41,35.176772,126.914775,C,,
전대상대점,20240126408,2024-01-26,2024-02 ~ 2026-08,1132,라인PC,전남광주통합특별시 북구 서방로 10,35.173349,126.913916,C,,
전대상대점,20240126408,2024-01-26,2024-02 ~ 2026-08,1132,아로마PC카페,전남광주통합특별시 북구 우치로228번길 52-4,35.186355,126.907994,C,,
전대상대점,20240126408,2024-01-26,2024-02 ~ 2026-08,1137,PC소풍,전남광주통합특별시 북구 서하로 193,35.187467,126.901680,C,,
전대상대점,20240126408,2024-01-26,2024-02 ~ 2026-08,1170,탑 TOPPC방광주오치점,전남광주통합특별시 북구 안산로 5,35.187776,126.902330,C,,
전대상대점,20240126408,2024-01-26,2024-02 ~ 2026-08,1202,더블랑PC플레이스,전남광주통합특별시 북구 비엔날레로 97,35.180635,126.889893,C,,
전대상대점,20240126408,2024-01-26,2024-02 ~ 2026-08,1204,블랑,전남광주통합특별시 북구 비엔날레로 97,35.180596,126.889852,C,,
전대상대점,20240126408,2024-01-26,2024-02 ~ 2026-08,1320,아이듀PC방,전남광주통합특별시 북구 금호로 47-2,35.173329,126.888723,C,,
전대상대점,20240126408,2024-01-26,2024-02 ~ 2026-08,1405,화이트아레나PC,전남광주통합특별시 북구 서하로 119,35.187645,126.893634,C,,
전대상대점,20240126408,2024-01-26,2024-02 ~ 2026-08,1439,소나무피씨클럽,전남광주통합특별시 북구 호동로 70,35.177756,126.918217,C,,
전대상대점,20240126408,2024-01-26,2024-02 ~ 2026-08,1442,그르르 PC카페,전남광주통합특별시 북구 호동로 70,35.177754,126.918246,C,,
전대상대점,20240126408,2024-01-26,2024-02 ~ 2026-08,1681,VIP게임랜드,전남광주통합특별시 북구 경양로 107,35.162120,126.903916,C,,
전대상대점,20240126408,2024-01-26,2024-02 ~ 2026-08,1764,헤나PC,전남광주통합특별시 북구 매곡로 70,35.191266,126.893306,C,,
전대상대점,20240126408,2024-01-26,2024-02 ~ 2026-08,1768,피씨뱅크,전남광주통합특별시 북구 매곡로 70,35.191273,126.893243,C,,
전대상대점,20240126408,2024-01-26,2024-02 ~ 2026-08,1804,"액터스, 액터스PC카페",전남광주통합특별시 북구 설죽로370번길 32,35.193494,126.901983,C,,
전대상대점,20240126408,2024-01-26,2024-02 ~ 2026-08,1804,유니넷PC존 오치동점,전남광주통합특별시 북구 설죽로370번길 32,35.193494,126.901977,C,,
전대상대점,20240126408,2024-01-26,2024-02 ~ 2026-08,1826,멜론PC,전남광주통합특별시 북구 설죽로370번길 25,35.193675,126.901418,C,,
전대상대점,20240126408,2024-01-26,2024-02 ~ 2026-08,35,로드PC방 상대점,전남광주통합특별시 북구 설죽로202번길 84,35.177198,126.902032,-,,
전대상대점,20240126408,2024-01-26,2024-02 ~ 2026-08,56,긱스타PC 상대점,전남광주통합특별시 북구 설죽로202번길 80,35.177173,126.901805,-,,
전대상대점,20240126408,2024-01-26,2024-02 ~ 2026-08,385,굿PC,전남광주통합특별시 북구 용주로30번길 56,35.180537,126.903729,-,,